"Subject","Start Date","Start Time","End Date","End Time","All day event","Reminder on/off","Reminder Date","Reminder Time","Meeting Organizer","Required Attendees","Optional Attendees","Meeting Resources","Billing Information","Categories","Description","Location","Mileage","Priority","Private","Sensitivity","Show time as"
"BLCK_ST_101: Fighting Apartheid, Locally and Globally","2/5/2026","3:30:00 PM","2/5/2026","4:45:00 PM","False","False","2/5/2026","3:15:00 PM",,"Block Museum;Katz Classroom;Essi Ronkko;Margaret Sagan;Block Engagement;Aaron L Chatman;Rocio Olasimbo;James G Stauber;Kenneth L Watson",,,,,"Date: 02/05/2026

Time: 3:30PM-4:50 PM

Type of Event: Class visit

Name of Group: BLCK_ST_101: Fighting Apartheid, Locally and Globally

Location: Katz Classroom

Internal Contact Person(s): Essi

External Contact Person(s): Martha Biondi <m-biondi@northwestern.edu>

Guests Expected: TBD (likely 16)

Taking Attendance (Y/N): Y

Attendance Total:

Notes: Please have bins available in the lobby.


","Katz classroom",,"Normal","False","Normal","1"
"ART_HIST 232: Introduction to the History of Architecture (3 of 3)","2/27/2026","12:00:00 PM","2/27/2026","1:50:00 PM","False","False","2/27/2026","11:45:00 AM",,"Katz Classroom;Essi Ronkko;Block Museum;Block Engagement;Margaret Sagan;Aaron L Chatman;Rocio Olasimbo;Kenneth L Watson;James G Stauber;Hollyamber Kennedy",,,,,"Date: 02/27/2026

Time: 12:00-1:50 PM

Type of Event: Class visit

Name of Group: ART_HIST 232: Introduction to the History of Architecture

Location: Katz Classroom

Internal Contact Person(s): Essi Rönkkö

External Contact Person(s): Hollyamber Kennedy <hollyamber.kennedy@northwestern.edu>

Guests Expected: 16

Taking Attendance (Y/N): Y

Attendance Total:

Notes: Please have bins available in the lobby. NOTE: This reservation consists of two sections:

12:00-12:50
1:00-1:50 






","Katz classroom",,"Normal","False","Normal","1"
"ART_HIST 232: Introduction to the History of Architecture (1 of 3)","2/13/2026","9:00:00 AM","2/13/2026","1:00:00 PM","False","False","2/13/2026","8:45:00 AM",,"Katz Classroom;Essi Ronkko;Block Museum;Block Engagement;Margaret Sagan;Aaron L Chatman;Rocio Olasimbo;Kenneth L Watson;James G Stauber;Hollyamber Kennedy",,,,,"Date: 02/13/2026

Time: 9:00AM-1:00 PM

Type of Event: Class visit

Name of Group: ART_HIST 232:  Introduction to the History of Architecture

Location: Katz Classroom

Internal Contact Person(s): Essi Rönkkö

External Contact Person(s): Hollyamber Kennedy <hollyamber.kennedy@northwestern.edu>

Guests Expected: 16

Taking Attendance (Y/N): Y

Attendance Total:

Notes: Please have bins available in the lobby. NOTE: This reservation consists of a series of four sections:

9:00-9:50

10:00-10:50
11:00-11:50 
12:00-12:50 







","Katz classroom",,"Normal","False","Normal","1"
"ART_HIST 330: Renaissance Worlds","2/13/2026","1:00:00 PM","2/13/2026","2:00:00 PM","False","False","2/13/2026","12:45:00 PM",,"Block Museum;Block Engagement;Aaron L Chatman;Rocio Olasimbo;Kenneth L Watson;James G Stauber;Katz Classroom;Essi Ronkko;Margaret Sagan;Rebecca Zorach;Laura Carrie Rybicki;Corinne Granof",,,,,"Date: 02/13/2026

Time: 1:00PM-2:00 PM

Type of Event: Class visit

Name of Group: ART_HIST 330: Renaissance Worlds

Location: Katz Classroom

Internal Contact Person(s): Corinne Granof

External Contact Person(s): Laura Rybicki <LauraRybicki2030@u.northwestern.edu>

Guests Expected: 18

Taking Attendance (Y/N): Y

Attendance Total:

Notes: Please have bins available in the lobby. 

UPDATE: This Group will now come as one group 1-2pm (17 students and TA Laura Rybicki.)









","Katz classroom",,"Normal","False","Normal","1"
"ENG 377: Latinx Feminism","2/18/2026","9:30:00 AM","2/18/2026","10:45:00 AM","False","False","2/18/2026","9:15:00 AM",,"Block Museum;Essi Ronkko;Margaret Sagan;Katz Classroom;Aaron L Chatman;Rocio Olasimbo;Kenneth L Watson;James G Stauber;Block Engagement;Mariajose Rodriguez Pliego",,,,,"Date: 02/18/2026

Time: 9:30-10:50 AM

Type of Event: Class visit

Name of Group: ENG 377: Latinx Feminism 

Location: Katz Classroom

Internal Contact Person(s): Essi

External Contact Person(s): Mariajose Rodriguez Pliego <mariajose.rodriguezpliego@northwestern.edu <mailto:mariajose.rodriguezpliego@northwestern.edu> >

Guests Expected: 21

Taking Attendance (Y/N): Y

Attendance Total:

Notes: Please have bins available in the lobby.


","Katz classroom",,"Normal","False","Normal","1"
"ENG 274: Introduction to Native American and Indigenous Literatures","2/9/2026","12:30:00 PM","2/9/2026","1:50:00 PM","False","False","2/9/2026","12:15:00 PM",,"Katz Classroom;Block Engagement;Aaron L Chatman;Kenneth L Watson;James G Stauber;Essi Ronkko;Block Museum;Margaret Sagan;Rocio Olasimbo;Mariajose Rodriguez Pliego",,,,,"Date: 02/09/2026

Time: 12:30PM-1:50 PM

Type of Event: Class visit

Name of Group: ENG 274: Introduction to Native American and Indigenous Literatures

Location: Katz Classroom

Internal Contact Person(s): Essi

External Contact Person(s): Mariajose Rodriguez Pliego <mariajose.rodriguezpliego@northwestern.edu>

Guests Expected: 21

Taking Attendance (Y/N): Y

Attendance Total:

Notes: Please have bins available in the lobby.



","Katz classroom",,"Normal","False","Normal","2"
"BMSA Weekly Training","2/20/2026","3:00:00 PM","2/20/2026","5:00:00 PM","False","True","2/20/2026","2:45:00 PM",,"Block Museum;Erin Lynn Northington;Isabella Ko;Aaron L Chatman;Rocio Olasimbo;James G Stauber;Kenneth L Watson",,,,,"Date: Fridays during the academic year

Time: 3:00PM-5:00PM

Type of Tour: Eng-led

Name of Group: 2025-2026 BMSA Weekly Meeting

Location: Conference Room and Galleries

Block Contact Person(s): Erin and Isabella

External Contact Person(s): Erin and Isabella

Guests Expected: 21

Taking Attendance (Y/N): N

Attendance Total:

Notes: 

 

","Conference Room",,"Normal","False","Normal","1"
"BMSA Weekly Training","2/27/2026","3:00:00 PM","2/27/2026","5:00:00 PM","False","True","2/27/2026","2:45:00 PM",,"Block Museum;Erin Lynn Northington;Isabella Ko;Aaron L Chatman;Rocio Olasimbo;James G Stauber;Kenneth L Watson",,,,,"Date: Fridays during the academic year

Time: 3:00PM-5:00PM

Type of Tour: Eng-led

Name of Group: 2025-2026 BMSA Weekly Meeting

Location: Conference Room and Galleries

Block Contact Person(s): Erin and Isabella

External Contact Person(s): Erin and Isabella

Guests Expected: 21

Taking Attendance (Y/N): N

Attendance Total:

Notes: 

 

","Conference Room",,"Normal","False","Normal","1"
"BMSA Weekly Training","2/6/2026","3:00:00 PM","2/6/2026","5:00:00 PM","False","True","2/6/2026","2:45:00 PM",,"Block Museum;Erin Lynn Northington;Isabella Ko;Aaron L Chatman;Rocio Olasimbo;James G Stauber;Kenneth L Watson",,,,,"Date: Fridays during the academic year

Time: 3:00PM-5:00PM

Type of Tour: Eng-led

Name of Group: 2025-2026 BMSA Weekly Meeting

Location: Conference Room and Galleries

Block Contact Person(s): Erin and Isabella

External Contact Person(s): Erin and Isabella

Guests Expected: 21

Taking Attendance (Y/N): N

Attendance Total:

Notes: 

 

","Conference Room",,"Normal","False","Normal","1"
"BMSA Weekly Training","2/13/2026","3:00:00 PM","2/13/2026","5:00:00 PM","False","True","2/13/2026","2:45:00 PM",,"Block Museum;Erin Lynn Northington;Isabella Ko;Aaron L Chatman;Rocio Olasimbo;James G Stauber;Kenneth L Watson",,,,,"Date: Fridays during the academic year

Time: 3:00PM-5:00PM

Type of Tour: Eng-led

Name of Group: 2025-2026 BMSA Weekly Meeting

Location: Conference Room and Galleries

Block Contact Person(s): Erin and Isabella

External Contact Person(s): Erin and Isabella

Guests Expected: 21

Taking Attendance (Y/N): N

Attendance Total:

Notes: 

 

","Conference Room",,"Normal","False","Normal","1"
"ATP 101: On Seeing and Believing","2/12/2026","1:00:00 PM","2/12/2026","2:20:00 PM","False","False","2/12/2026","12:45:00 PM",,"Block Museum;Essi Ronkko;Katz Classroom;Margaret Sagan;Block Engagement;Aaron L Chatman;Rocio Olasimbo;Kenneth L Watson;James G Stauber;Pamela L Bannos",,,,,"Date: 02/12/2026

Time: 1:00PM-2:20 PM

Type of Event: Class visit

Name of Group: ATP 101: On Seeing and Believing

Location: Katz Classroom

Internal Contact Person(s): Essi Rönkkö

External Contact Person(s): Pamela L Bannos <pbannos@northwestern.edu>

Guests Expected: 14

Taking Attendance (Y/N): Y

Attendance Total:

Notes: Please have bins available in the lobby. 







","Katz classroom",,"Normal","False","Normal","1"
"FRENCH 201: Les Formes du mal","2/10/2026","12:30:00 PM","2/10/2026","1:50:00 PM","False","False","2/10/2026","12:15:00 PM",,"Block Museum;Katz Classroom;Essi Ronkko;Cynthia Nazarian;Block Engagement;Margaret Sagan;Aaron L Chatman;Rocio Olasimbo;Kenneth L Watson;James G Stauber",,,,,"Date: 02/10/2026

Time: 12:30PM-1:50 PM

Type of Event: Class visit

Name of Group: FRENCH 201: Les Formes du mal

Location: Katz Classroom

Internal Contact Person(s): Essi Rönkkö

External Contact Person(s): Cynthia Nazarian <nazarian@northwestern.edu <mailto:nazarian@northwestern.edu> >

Guests Expected: 7

Taking Attendance (Y/N): Y

Attendance Total:

Notes: Please have bins available in the lobby. 





","Katz classroom",,"Normal","False","Normal","1"
"AMER_ST 310: The Military-Industrial Complex","2/2/2026","2:00:00 PM","2/2/2026","3:20:00 PM","False","False","2/2/2026","1:45:00 PM",,"Block Museum;Essi Ronkko;Katz Classroom;Margaret Sagan;Block Engagement;Aaron L Chatman;Rocio Olasimbo;James G Stauber;Kenneth L Watson;Keva X. Bui",,,,,"Date: 02/02/2026

Time: 2:00-3:20 PM

Type of Event: Class visit

Name of Group: AMER_ST 310: The Military-Industrial Complex

Location: Katz Classroom

Internal Contact Person(s): Essi Rönkkö

External Contact Person(s): Keva X. Bui <kxbui@northwestern.edu>

Guests Expected: TBD

Taking Attendance (Y/N): Y

Attendance Total:

Notes: Please have bins available in the lobby. 


","Katz classroom",,"Normal","False","Normal","1"
"ENG_105: Humans and Other Animals","2/18/2026","1:00:00 PM","2/18/2026","1:50:00 PM","False","False","2/18/2026","12:45:00 PM",,"Katz Classroom;Essi Ronkko;Aaron L Chatman;Rocio Olasimbo;Kenneth L Watson;James G Stauber;Margaret Sagan;Block Museum;Block Engagement;Charles S Yarnoff",,,,,"Date: 02/18/2026

Time: 1:00PM-1:50PM

Type of Event: Class visit

Name of Group: ENG_105: Humans and Other Animals

Location: Katz Classroom, Leffmann Gallery

Internal Contact Person(s): Essi

External Contact Person(s): Charles S Yarnoff <csy771@northwestern.edu>

Guests Expected: 16

Taking Attendance (Y/N): Y

Attendance Total:

Notes: Please have bins available in the lobby. Only 5-10-min  stop in Leffmann on the way to Katz. 





","Katz classroom; Leffmann Gallery",,"Normal","False","Normal","1"
"ART_HIST 395: Displaying Empire","2/6/2026","10:45:00 AM","2/6/2026","12:00:00 PM","False","False","2/6/2026","10:30:00 AM",,"Katz Classroom;Essi Ronkko;Block Museum;Block Engagement;Margaret Sagan;Yuthika Sharma;Aaron L Chatman;Rocio Olasimbo;Kenneth L Watson;James G Stauber",,,,,"Date: 02/06/2026

Time: 10:45AM-12:00PM

Type of Event: Class visit

Name of Group: ART_HIST 395: Displaying Empire

Location: Katz Classroom, Leffmann Gallery

Internal Contact Person(s): Essi

External Contact Person(s): Yuthika Sharma <yuthika.sharma@northwestern.edu>

Guests Expected: TBD (ca. 11)

Taking Attendance (Y/N): Y

Attendance Total:

Notes: Please have bins available in the lobby. NOTE: We will not need the galleries the entire time. (Likely only around 10:45-11am)

 


","Katz classroom; Galleries",,"Normal","False","Normal","1"
"Cur Led Tour: Art History Undergraduate Social","2/12/2026","4:00:00 PM","2/12/2026","5:30:00 PM","False","False","2/12/2026","3:45:00 PM",,"Block Museum;Kathleen Bickford Berzock;Corinne Granof;Block Engagement;Erin Lynn Northington;Aaron L Chatman;Rocio Olasimbo;James G Stauber;Vincent L Taylor;Kenneth L Watson","Isabella Ko;Margaret Sagan",,,,"Date: 2/12/2026

Time: 4:00-5:30pm

Type of Event: Cur-led Tour 

Name of Group: Art History undergraduate meet up

Location: Lobby, Galleries

Internal Contact Person(s): Erin, Kathleen, Corinne 

External Contact Person(s): Caitlin Burney, caitlin.kelley@northwestern.edu <mailto:caitlin.kelley@northwestern.edu>  

Guests Expected: 20

Taking Attendance(Y/N): Y

Attendance Total:

Notes: Social meet up for Art History undergraduates and faculty; Kathleen and Corinne will greet/welcome and offer a tour of the main exhibitions. Art History will have coffee/cider and cookies dropped off to the Block lobby through Compass catering between 3:30-3:45pm; Caitlin Burney will return at 5:30pm to ensure everything is cleaned up; Visitor Services, please set up a table in the lobby where we have our usual Living Room coffee set up for their cookies/drinks by 3:30pm with a black linen.  

 

","Lobby, Galleries",,"Normal","False","Normal","2"
"BMSA-led tour: Dittmar Gallery, Crafting Community workshop","2/18/2026","4:30:00 PM","2/18/2026","5:00:00 PM","False","False","2/18/2026","4:15:00 PM","Block Museum","Erin Lynn Northington;Block Engagement;Rocio Olasimbo;Aaron L Chatman;James G Stauber;Vincent L Taylor;Kenneth L Watson","Margaret Sagan;Isabella Ko",,,,"Date: 02/18/2026

Time: 4:30PM-5:00PM

Type of Event: Co-curricular visit

Name of Group: Dittmar Gallery, Crafting Community workshop

Location: Living Room

Internal Contact Person(s): Erin 

External Contact Person(s): Kimberly Mills, kimberly@northwestern.edu <mailto:kimberly@northwestern.edu> 

Guests Expected: 10-20

Taking Attendance (Y/N): Y

Attendance Total:

Notes: BMSAs will informally welcome a group of participants from the Crafting Community workshop series to the Living Room for a short discussion from 4:30-5:00pm. 

 

","Alsdorf",,"Normal","False","Normal","2"
"FRENCH 371/Comp lit 303: Giants, Cannibals and Critique","2/24/2026","9:30:00 AM","2/24/2026","10:50:00 AM","False","False","2/24/2026","9:15:00 AM",,"Katz Classroom;Essi Ronkko;Block Museum;Block Engagement;Margaret Sagan;Aaron L Chatman;Rocio Olasimbo;Kenneth L Watson;James G Stauber;Cynthia Nazarian",,,,,"Date: 02/24/2026

Time: 9:30AM-10:50 AM

Type of Event: Class visit

Name of Group: FRENCH 371/COMP LIT 303: Giants, Cannibals and Critique

Location: Katz Classroom

Internal Contact Person(s): Essi Rönkkö

External Contact Person(s): Cynthia Nazarian <nazarian@northwestern.edu>

Guests Expected: ca. 11

Taking Attendance (Y/N): Y

Attendance Total:

Notes: Please have bins available in the lobby. 





","Katz classroom",,"Normal","False","Normal","1"
"RECEPTION/EXTERNAL TECH CHECK: Jonathan Castillo in Conversation","2/25/2026","5:00:00 PM","2/25/2026","6:00:00 PM","False","False","2/25/2026","4:45:00 PM",,"Block Museum;Margaret Sagan;Erin Lynn Northington;Isabella Ko;Aaron L Chatman;Block Engagement;Kenneth L Watson;Rocio Olasimbo;Warren G Smith;Ben Creech",,,,,"Date: 02/25/2026 

Time: 5:00PM-6:00PM

Type of Event: reception/external tech check

Name of Group: RECEPTION/EXTERNAL TECH CHECK: Jonathan Castillo in Conversation

Location: Block lobby/auditorium 

Internal Contact Person(s): Margaret, Isabella, Erin

External Contact Person(s):  N/A

Guests Expected: 140

Taking Attendance (Y/N): N

Attendance Total:

Notes: reception happening in the lobby; quick tech check + set up needs to happen in the auditorium at the same time. auditorium doors will open to the public around 5:40 or so; Engagement to confirm. 

","Block Lobby; auditorium",,"Normal","False","Normal","2"
"PUBLIC PROGRAM: BMSA Art Talks! Hamdia Traoré","2/28/2026","12:30:00 PM","2/28/2026","1:30:00 PM","False","False","2/28/2026","12:15:00 PM",,"Block Museum;Aaron L Chatman;Block Engagement;Chris Forrester;Dan Silverstein;Elisa Miller Quinlan;Erin Lynn Northington;Isabella Ko;Jeffery Smith;Kathleen Bickford Berzock;Kenneth L Watson;Lindsay Bosch;Lisa Corrin Graziose;Malia Adele Haines-Stewart;Margaret Sagan;Michael Streicher Metzger;Rocio Olasimbo;Warren G Smith;Block Museum Outreach",,,,,"Date: 02/28/2026

Time: 12:30PM-1:30PM

Type of Event: public program — BMSA Art Talks 

Name of Group: BMSA Art Talks! Hamdia Traoré

Location: Main Gallery 

Internal Contact Person(s): BMSAs, Isabella, Erin, Margaret 

External Contact Person(s): N/A 

Guests Expected: 25 

Taking Attendance (Y/N): Y

Attendance Total:

Notes:

","main gallery",,"Normal","False","Normal","2"
"Canceled: ART_HIST 403 - Joitree Alam and Antawan Byrd","2/5/2026","2:00:00 PM","2/5/2026","3:00:00 PM","False","False","2/5/2026","1:45:00 PM","Corinne Granof","Katz Classroom;Aaron L Chatman;Rocio Olasimbo;James G Stauber;Kenneth L Watson;Block Engagement;Block Museum;Yuthika Sharma;Maria Kokkori;Kirsten Lopez","Essi Ronkko;Margaret Sagan",,,,"
","Katz classroom",,"High","False","Normal","3"
"BMSA Seminar - working meeting/presentation prep","2/18/2026","4:00:00 PM","2/18/2026","5:00:00 PM","False","False","2/18/2026","3:45:00 PM",,"Block Museum;Isabella Ko;Erin Lynn Northington;Aaron L Chatman;James G Stauber;Rocio Olasimbo;Vincent L Taylor;Kenneth L Watson;Block Engagement",,,,,"Date: 2/18/2026

Time: 4:00PM-5:00PM

Type of Event: Eng-led (BMSA training)

Name of Group: BMSA Seminar

Location: Conference Room 

Internal Contact Person(s): Erin Northington 

External Contact Person(s): N/A

Guests Expected: 20

Taking Attendance (Y/N): N

Attendance Total:

Notes: 

 

","Conference Room",,"Normal","False","Normal","1"
"BMSA Seminar with Kyle Stephan","2/4/2026","4:00:00 PM","2/4/2026","5:00:00 PM","False","False","2/4/2026","3:45:00 PM",,"Block Museum;Kyle Stephan;Essi Ronkko;Isabella Ko;Aaron L Chatman;Rocio Olasimbo;James G Stauber;Kenneth L Watson;Erin Lynn Northington;Vincent L Taylor;Block Engagement",,,,,"Date: 2/4/2026

Time: 4:00PM-5:00PM

Type of Event: Eng-led (BMSA training)

Name of Group: BMSA Seminar

Location: Conference Room 

Internal Contact Person(s): Erin Northington 

External Contact Person(s): N/A

Guests Expected: 20

Taking Attendance (Y/N): N

Attendance Total:

Notes: 

 

","Conference Room",,"Normal","False","Normal","1"
"Living Room Weekly Coffee","2/4/2026","2:15:00 PM","2/4/2026","5:15:00 PM","False","False","2/4/2026","2:00:00 PM",,"Block Museum;Erin Lynn Northington;Block Engagement;Chris Forrester;Rocio Olasimbo;Aaron L Chatman;James G Stauber;Vincent L Taylor;Jeffery Smith","Lindsay Bosch;Isabella Ko;Margaret Sagan",,,,"Date: Every Wednesday from 3-5pm

Time: 2:15PM-5:15PM

Type of Event: Reception

Name of Group: Living Room Weekly Coffee 

Location: Block lobby 

Internal Contact Person(s): Erin and Chris

External Contact Person(s):  N/A

Guests Expected: N/A

Taking Attendance (Y/N): N

Attendance Total: 

Notes: VS – please set up an 8 ft table near the magazine rack each Wednesday by 2:15pm. Compass Catering will drop off coffee/tea service and a linen between 2:30-2:45pm, and return to pick this up at 5:00pm. VS, please also take away the bars and leave in the Engagement office (we will not serve these to the public)

 

We will not serve coffee on Wed Mar 25 (Spring Break). We will have an extra Living Room coffee on Thurs, Jan 22 from 3-5pm in addition to the weekly coffee on Wed, Jan 21. 

The last coffee of Spring Quarter will be on Wed, Apr 1; the Living Room will close on Sun, Apr 12. Contact Chris or Erin with questions. 

 

","Block lobby",,"Normal","False","Normal","1"
"Living Room Weekly Coffee","2/11/2026","2:15:00 PM","2/11/2026","5:15:00 PM","False","False","2/11/2026","2:00:00 PM",,"Block Museum;Erin Lynn Northington;Block Engagement;Chris Forrester;Rocio Olasimbo;Aaron L Chatman;James G Stauber;Vincent L Taylor;Jeffery Smith","Lindsay Bosch;Isabella Ko;Margaret Sagan",,,,"Date: Every Wednesday from 3-5pm

Time: 2:15PM-5:15PM

Type of Event: Reception

Name of Group: Living Room Weekly Coffee 

Location: Block lobby 

Internal Contact Person(s): Erin and Chris

External Contact Person(s):  N/A

Guests Expected: N/A

Taking Attendance (Y/N): N

Attendance Total: 

Notes: VS – please set up an 8 ft table near the magazine rack each Wednesday by 2:15pm. Compass Catering will drop off coffee/tea service and a linen between 2:30-2:45pm, and return to pick this up at 5:00pm. VS, please also take away the bars and leave in the Engagement office (we will not serve these to the public)

 

We will not serve coffee on Wed Mar 25 (Spring Break). We will have an extra Living Room coffee on Thurs, Jan 22 from 3-5pm in addition to the weekly coffee on Wed, Jan 21. 

The last coffee of Spring Quarter will be on Wed, Apr 1; the Living Room will close on Sun, Apr 12. Contact Chris or Erin with questions. 

 

","Block lobby",,"Normal","False","Normal","1"
"Living Room Weekly Coffee","2/18/2026","2:15:00 PM","2/18/2026","5:15:00 PM","False","True","2/18/2026","2:00:00 PM",,"Block Museum;Erin Lynn Northington;Block Engagement;Chris Forrester;Rocio Olasimbo;Aaron L Chatman;James G Stauber;Vincent L Taylor;Jeffery Smith","Lindsay Bosch;Isabella Ko;Margaret Sagan",,,,"Date: Every Wednesday from 3-5pm

Time: 2:15PM-5:15PM

Type of Event: Reception

Name of Group: Living Room Weekly Coffee 

Location: Block lobby 

Internal Contact Person(s): Erin and Chris

External Contact Person(s):  N/A

Guests Expected: N/A

Taking Attendance (Y/N): N

Attendance Total: 

Notes: VS – please set up an 8 ft table near the magazine rack each Wednesday by 2:15pm. Compass Catering will drop off coffee/tea service and a linen between 2:30-2:45pm, and return to pick this up at 5:00pm. VS, please also take away the bars and leave in the Engagement office (we will not serve these to the public)

 

We will not serve coffee on Wed Mar 25 (Spring Break). We will have an extra Living Room coffee on Thurs, Jan 22 from 3-5pm in addition to the weekly coffee on Wed, Jan 21. 

The last coffee of Spring Quarter will be on Wed, Apr 1; the Living Room will close on Sun, Apr 12. Contact Chris or Erin with questions. 

 

","Block lobby",,"Normal","False","Normal","1"
"Living Room Weekly Coffee - PLEASE SET UP ON OUTER BLOCK SPOT BAR","2/25/2026","2:15:00 PM","2/25/2026","5:15:00 PM","False","False","2/25/2026","2:00:00 PM",,"Block Museum;Erin Lynn Northington;Block Engagement;Chris Forrester;Rocio Olasimbo;Aaron L Chatman;James G Stauber;Vincent L Taylor;Jeffery Smith","Lindsay Bosch;Isabella Ko;Margaret Sagan",,,,"Date: Every Wednesday from 3-5pm

Time: 2:15PM-5:15PM

Type of Event: Reception

Name of Group: Living Room Weekly Coffee 

Location: Block lobby 

Internal Contact Person(s): Erin and Chris

External Contact Person(s):  N/A

Guests Expected: N/A

Taking Attendance (Y/N): N

Attendance Total: 

Notes: VS – please direct Compass Catering to set up the Living Room coffee on the outer Block spot bar. Compass Catering will drop off coffee/tea service and a linen between 2:30-2:45pm, and return to pick this up at 5:00pm. VS, please also take away the bars and leave in the Engagement office (we will not serve these to the public)

 

We will not serve coffee on Wed Mar 25 (Spring Break). We will have an extra Living Room coffee on Thurs, Jan 22 from 3-5pm in addition to the weekly coffee on Wed, Jan 21. 

The last coffee of Spring Quarter will be on Wed, Apr 1; the Living Room will close on Sun, Apr 12. Contact Chris or Erin with questions. 

 

","Block lobby",,"Normal","False","Normal","1"
"All Staff Meeting (Winter 2026)","2/4/2026","11:00:00 AM","2/4/2026","12:00:00 PM","False","True","2/4/2026","10:45:00 AM","Block Museum","BLOCK-STAFF","Chris Forrester;Dan Silverstein;Robert Bradley Martin;Malia Adele Haines-Stewart;Liz Rudnick;Corinne Granof;Kyle Stephan;Kirsten Lopez;Erin Lynn Northington;Lindsay Bosch;Kristina Marie Bottomley;Kate Hadley Toftness;Kathleen Bickford Berzock;Essi Ronkko;Margaret Sagan;Llewyn Blossfeld;Lisa Corrin Graziose;Elisa Miller Quinlan;Jeffery Smith",,,,"  
 <https://urldefense.com/v3/__https://zoom.com__;!!Dq0X2DkFhyF93HkjWTBQKhk!S5Ji2liQrASVmZD869S_5jJzFVIlGjE4GWh5KolDP2WN002aNaOfrptUSvEdUXM0EaD2MWdl0HtyyI8bPA1Xo3FxMEjukd7MmjrhZ4CbFws6XF823iulW2w$> 	
Hi there,	 
Christopher Forrester is inviting you to a scheduled Zoom meeting. 	
Join Zoom Meeting <https://urldefense.com/v3/__https://northwestern.zoom.us/j/96867121232?from=addon__;!!Dq0X2DkFhyF93HkjWTBQKhk!S5Ji2liQrASVmZD869S_5jJzFVIlGjE4GWh5KolDP2WN002aNaOfrptUSvEdUXM0EaD2MWdl0HtyyI8bPA1Xo3FxMEjukd7MmjrhZ4CbFws6XF82A7Jmt5k$>  	
One tap mobile: 	US: +13092053325,,96867121232# <tel:+13092053325,,96867121232#>  or +13126266799,,96867121232# <tel:+13126266799,,96867121232#>  	
Meeting URL: 	https://northwestern.zoom.us/j/96867121232?from=addon <https://urldefense.com/v3/__https://northwestern.zoom.us/j/96867121232?from=addon__;!!Dq0X2DkFhyF93HkjWTBQKhk!S5Ji2liQrASVmZD869S_5jJzFVIlGjE4GWh5KolDP2WN002aNaOfrptUSvEdUXM0EaD2MWdl0HtyyI8bPA1Xo3FxMEjukd7MmjrhZ4CbFws6XF82A7Jmt5k$>  	
Meeting ID: 	968 6712 1232	 
Join by Telephone 	
For higher quality, dial a number based on your current location. 	
Dial: 	+1 309 205 3325 US
+1 312 626 6799 US (Chicago)
+1 301 715 8592 US (Washington DC)
+1 305 224 1968 US
+1 646 931 3860 US
+1 929 436 2866 US (New York)
+1 689 278 1000 US
+1 719 359 4580 US
+1 253 205 0468 US
+1 253 215 8782 US (Tacoma)
+1 346 248 7799 US (Houston)
+1 360 209 5623 US
+1 386 347 5053 US
+1 507 473 4847 US
+1 564 217 2000 US
+1 669 444 9171 US
+1 669 900 6833 US (San Jose)
	
Meeting ID: 	968 6712 1232	 
International numbers <https://urldefense.com/v3/__https://northwestern.zoom.us/u/a8l2pMmL9__;!!Dq0X2DkFhyF93HkjWTBQKhk!S5Ji2liQrASVmZD869S_5jJzFVIlGjE4GWh5KolDP2WN002aNaOfrptUSvEdUXM0EaD2MWdl0HtyyI8bPA1Xo3FxMEjukd7MmjrhZ4CbFws6XF82i6k6_sw$> 	 
Join from an H.323/SIP room system 	
H.323: 	144.195.19.161 (US West)
206.247.11.121 (US East)
221.122.88.195 (Mainland China)
115.114.131.7 (India Mumbai)
115.114.115.7 (India Hyderabad)
159.124.15.191 (Amsterdam Netherlands)
159.124.47.249 (Germany)
159.124.104.213 (Australia Sydney)
159.124.74.212 (Australia Melbourne)
170.114.134.121 (Hong Kong SAR)
170.114.180.219 (Singapore)
64.211.144.160 (Brazil)
159.124.132.243 (Mexico)
159.124.168.213 (Canada Toronto)
159.124.196.25 (Canada Vancouver)
170.114.194.163 (Japan Tokyo)
147.124.100.25 (Japan Osaka)
	
Meeting ID: 	968 6712 1232	 
SIP: 	96867121232@zoomcrc.com 	



________________________________


Access the BLOCK-STAFF Home Page and Archives <https://LISTSERV.IT.NORTHWESTERN.EDU/cgi-bin/wa.exe?A0=BLOCK-STAFF>  

Unsubscribe from the BLOCK-STAFF List <https://LISTSERV.IT.NORTHWESTERN.EDU/cgi-bin/wa.exe?TICKET=NzM5NjYxIHJvY2lvLm9sYXNpbWJvQE5PUlRIV0VTVEVSTi5FRFUgQkxPQ0stU1RBRkYgIBFuknUwp5md&c=SIGNOFF>  

","https://northwestern.zoom.us/j/96867121232?from=addon",,"Normal","False","Normal","1"
"All Staff Meeting (Winter 2026)","2/11/2026","11:00:00 AM","2/11/2026","12:00:00 PM","False","True","2/11/2026","10:45:00 AM","Block Museum","BLOCK-STAFF","Chris Forrester;Dan Silverstein;Robert Bradley Martin;Malia Adele Haines-Stewart;Liz Rudnick;Corinne Granof;Kyle Stephan;Kirsten Lopez;Erin Lynn Northington;Lindsay Bosch;Kristina Marie Bottomley;Kate Hadley Toftness;Kathleen Bickford Berzock;Essi Ronkko;Margaret Sagan;Llewyn Blossfeld;Lisa Corrin Graziose;Elisa Miller Quinlan;Jeffery Smith",,,,"  
 <https://urldefense.com/v3/__https://zoom.com__;!!Dq0X2DkFhyF93HkjWTBQKhk!S5Ji2liQrASVmZD869S_5jJzFVIlGjE4GWh5KolDP2WN002aNaOfrptUSvEdUXM0EaD2MWdl0HtyyI8bPA1Xo3FxMEjukd7MmjrhZ4CbFws6XF823iulW2w$> 	
Hi there,	 
Christopher Forrester is inviting you to a scheduled Zoom meeting. 	
Join Zoom Meeting <https://urldefense.com/v3/__https://northwestern.zoom.us/j/96867121232?from=addon__;!!Dq0X2DkFhyF93HkjWTBQKhk!S5Ji2liQrASVmZD869S_5jJzFVIlGjE4GWh5KolDP2WN002aNaOfrptUSvEdUXM0EaD2MWdl0HtyyI8bPA1Xo3FxMEjukd7MmjrhZ4CbFws6XF82A7Jmt5k$>  	
One tap mobile: 	US: +13092053325,,96867121232# <tel:+13092053325,,96867121232#>  or +13126266799,,96867121232# <tel:+13126266799,,96867121232#>  	
Meeting URL: 	https://northwestern.zoom.us/j/96867121232?from=addon <https://urldefense.com/v3/__https://northwestern.zoom.us/j/96867121232?from=addon__;!!Dq0X2DkFhyF93HkjWTBQKhk!S5Ji2liQrASVmZD869S_5jJzFVIlGjE4GWh5KolDP2WN002aNaOfrptUSvEdUXM0EaD2MWdl0HtyyI8bPA1Xo3FxMEjukd7MmjrhZ4CbFws6XF82A7Jmt5k$>  	
Meeting ID: 	968 6712 1232	 
Join by Telephone 	
For higher quality, dial a number based on your current location. 	
Dial: 	+1 309 205 3325 US
+1 312 626 6799 US (Chicago)
+1 301 715 8592 US (Washington DC)
+1 305 224 1968 US
+1 646 931 3860 US
+1 929 436 2866 US (New York)
+1 689 278 1000 US
+1 719 359 4580 US
+1 253 205 0468 US
+1 253 215 8782 US (Tacoma)
+1 346 248 7799 US (Houston)
+1 360 209 5623 US
+1 386 347 5053 US
+1 507 473 4847 US
+1 564 217 2000 US
+1 669 444 9171 US
+1 669 900 6833 US (San Jose)
	
Meeting ID: 	968 6712 1232	 
International numbers <https://urldefense.com/v3/__https://northwestern.zoom.us/u/a8l2pMmL9__;!!Dq0X2DkFhyF93HkjWTBQKhk!S5Ji2liQrASVmZD869S_5jJzFVIlGjE4GWh5KolDP2WN002aNaOfrptUSvEdUXM0EaD2MWdl0HtyyI8bPA1Xo3FxMEjukd7MmjrhZ4CbFws6XF82i6k6_sw$> 	 
Join from an H.323/SIP room system 	
H.323: 	144.195.19.161 (US West)
206.247.11.121 (US East)
221.122.88.195 (Mainland China)
115.114.131.7 (India Mumbai)
115.114.115.7 (India Hyderabad)
159.124.15.191 (Amsterdam Netherlands)
159.124.47.249 (Germany)
159.124.104.213 (Australia Sydney)
159.124.74.212 (Australia Melbourne)
170.114.134.121 (Hong Kong SAR)
170.114.180.219 (Singapore)
64.211.144.160 (Brazil)
159.124.132.243 (Mexico)
159.124.168.213 (Canada Toronto)
159.124.196.25 (Canada Vancouver)
170.114.194.163 (Japan Tokyo)
147.124.100.25 (Japan Osaka)
	
Meeting ID: 	968 6712 1232	 
SIP: 	96867121232@zoomcrc.com 	



________________________________


Access the BLOCK-STAFF Home Page and Archives <https://LISTSERV.IT.NORTHWESTERN.EDU/cgi-bin/wa.exe?A0=BLOCK-STAFF>  

Unsubscribe from the BLOCK-STAFF List <https://LISTSERV.IT.NORTHWESTERN.EDU/cgi-bin/wa.exe?TICKET=NzM5NjYxIHJvY2lvLm9sYXNpbWJvQE5PUlRIV0VTVEVSTi5FRFUgQkxPQ0stU1RBRkYgIBFuknUwp5md&c=SIGNOFF>  

","https://northwestern.zoom.us/j/96867121232?from=addon",,"Normal","False","Normal","1"
"All Staff Meeting (Winter 2026)","2/25/2026","11:00:00 AM","2/25/2026","12:00:00 PM","False","False","2/18/2026","10:45:00 AM","Block Museum","BLOCK-STAFF","Chris Forrester;Dan Silverstein;Robert Bradley Martin;Malia Adele Haines-Stewart;Liz Rudnick;Corinne Granof;Kyle Stephan;Kirsten Lopez;Erin Lynn Northington;Lindsay Bosch;Kristina Marie Bottomley;Kate Hadley Toftness;Kathleen Bickford Berzock;Essi Ronkko;Margaret Sagan;Llewyn Blossfeld;Lisa Corrin Graziose;Elisa Miller Quinlan;Jeffery Smith",,,,"  
 <https://urldefense.com/v3/__https://zoom.com__;!!Dq0X2DkFhyF93HkjWTBQKhk!S5Ji2liQrASVmZD869S_5jJzFVIlGjE4GWh5KolDP2WN002aNaOfrptUSvEdUXM0EaD2MWdl0HtyyI8bPA1Xo3FxMEjukd7MmjrhZ4CbFws6XF823iulW2w$> 	
Hi there,	 
Christopher Forrester is inviting you to a scheduled Zoom meeting. 	
Join Zoom Meeting <https://urldefense.com/v3/__https://northwestern.zoom.us/j/96867121232?from=addon__;!!Dq0X2DkFhyF93HkjWTBQKhk!S5Ji2liQrASVmZD869S_5jJzFVIlGjE4GWh5KolDP2WN002aNaOfrptUSvEdUXM0EaD2MWdl0HtyyI8bPA1Xo3FxMEjukd7MmjrhZ4CbFws6XF82A7Jmt5k$>  	
One tap mobile: 	US: +13092053325,,96867121232# <tel:+13092053325,,96867121232#>  or +13126266799,,96867121232# <tel:+13126266799,,96867121232#>  	
Meeting URL: 	https://northwestern.zoom.us/j/96867121232?from=addon <https://urldefense.com/v3/__https://northwestern.zoom.us/j/96867121232?from=addon__;!!Dq0X2DkFhyF93HkjWTBQKhk!S5Ji2liQrASVmZD869S_5jJzFVIlGjE4GWh5KolDP2WN002aNaOfrptUSvEdUXM0EaD2MWdl0HtyyI8bPA1Xo3FxMEjukd7MmjrhZ4CbFws6XF82A7Jmt5k$>  	
Meeting ID: 	968 6712 1232	 
Join by Telephone 	
For higher quality, dial a number based on your current location. 	
Dial: 	+1 309 205 3325 US
+1 312 626 6799 US (Chicago)
+1 301 715 8592 US (Washington DC)
+1 305 224 1968 US
+1 646 931 3860 US
+1 929 436 2866 US (New York)
+1 689 278 1000 US
+1 719 359 4580 US
+1 253 205 0468 US
+1 253 215 8782 US (Tacoma)
+1 346 248 7799 US (Houston)
+1 360 209 5623 US
+1 386 347 5053 US
+1 507 473 4847 US
+1 564 217 2000 US
+1 669 444 9171 US
+1 669 900 6833 US (San Jose)
	
Meeting ID: 	968 6712 1232	 
International numbers <https://urldefense.com/v3/__https://northwestern.zoom.us/u/a8l2pMmL9__;!!Dq0X2DkFhyF93HkjWTBQKhk!S5Ji2liQrASVmZD869S_5jJzFVIlGjE4GWh5KolDP2WN002aNaOfrptUSvEdUXM0EaD2MWdl0HtyyI8bPA1Xo3FxMEjukd7MmjrhZ4CbFws6XF82i6k6_sw$> 	 
Join from an H.323/SIP room system 	
H.323: 	144.195.19.161 (US West)
206.247.11.121 (US East)
221.122.88.195 (Mainland China)
115.114.131.7 (India Mumbai)
115.114.115.7 (India Hyderabad)
159.124.15.191 (Amsterdam Netherlands)
159.124.47.249 (Germany)
159.124.104.213 (Australia Sydney)
159.124.74.212 (Australia Melbourne)
170.114.134.121 (Hong Kong SAR)
170.114.180.219 (Singapore)
64.211.144.160 (Brazil)
159.124.132.243 (Mexico)
159.124.168.213 (Canada Toronto)
159.124.196.25 (Canada Vancouver)
170.114.194.163 (Japan Tokyo)
147.124.100.25 (Japan Osaka)
	
Meeting ID: 	968 6712 1232	 
SIP: 	96867121232@zoomcrc.com 	



________________________________


Access the BLOCK-STAFF Home Page and Archives <https://LISTSERV.IT.NORTHWESTERN.EDU/cgi-bin/wa.exe?A0=BLOCK-STAFF>  

Unsubscribe from the BLOCK-STAFF List <https://LISTSERV.IT.NORTHWESTERN.EDU/cgi-bin/wa.exe?TICKET=NzM5NjYxIHJvY2lvLm9sYXNpbWJvQE5PUlRIV0VTVEVSTi5FRFUgQkxPQ0stU1RBRkYgIBFuknUwp5md&c=SIGNOFF>  

","https://northwestern.zoom.us/j/96867121232?from=addon",,"Normal","False","Normal","1"
"All Staff Meeting (Winter 2026)","2/25/2026","11:00:00 AM","2/25/2026","12:00:00 PM","False","False","2/25/2026","10:45:00 AM","Block Museum","BLOCK-STAFF","Chris Forrester;Dan Silverstein;Robert Bradley Martin;Malia Adele Haines-Stewart;Liz Rudnick;Corinne Granof;Kyle Stephan;Kirsten Lopez;Erin Lynn Northington;Lindsay Bosch;Kristina Marie Bottomley;Kate Hadley Toftness;Kathleen Bickford Berzock;Essi Ronkko;Margaret Sagan;Llewyn Blossfeld;Lisa Corrin Graziose;Elisa Miller Quinlan;Jeffery Smith",,,,"  
 <https://urldefense.com/v3/__https://zoom.com__;!!Dq0X2DkFhyF93HkjWTBQKhk!S5Ji2liQrASVmZD869S_5jJzFVIlGjE4GWh5KolDP2WN002aNaOfrptUSvEdUXM0EaD2MWdl0HtyyI8bPA1Xo3FxMEjukd7MmjrhZ4CbFws6XF823iulW2w$> 	
Hi there,	 
Christopher Forrester is inviting you to a scheduled Zoom meeting. 	
Join Zoom Meeting <https://urldefense.com/v3/__https://northwestern.zoom.us/j/96867121232?from=addon__;!!Dq0X2DkFhyF93HkjWTBQKhk!S5Ji2liQrASVmZD869S_5jJzFVIlGjE4GWh5KolDP2WN002aNaOfrptUSvEdUXM0EaD2MWdl0HtyyI8bPA1Xo3FxMEjukd7MmjrhZ4CbFws6XF82A7Jmt5k$>  	
One tap mobile: 	US: +13092053325,,96867121232# <tel:+13092053325,,96867121232#>  or +13126266799,,96867121232# <tel:+13126266799,,96867121232#>  	
Meeting URL: 	https://northwestern.zoom.us/j/96867121232?from=addon <https://urldefense.com/v3/__https://northwestern.zoom.us/j/96867121232?from=addon__;!!Dq0X2DkFhyF93HkjWTBQKhk!S5Ji2liQrASVmZD869S_5jJzFVIlGjE4GWh5KolDP2WN002aNaOfrptUSvEdUXM0EaD2MWdl0HtyyI8bPA1Xo3FxMEjukd7MmjrhZ4CbFws6XF82A7Jmt5k$>  	
Meeting ID: 	968 6712 1232	 
Join by Telephone 	
For higher quality, dial a number based on your current location. 	
Dial: 	+1 309 205 3325 US
+1 312 626 6799 US (Chicago)
+1 301 715 8592 US (Washington DC)
+1 305 224 1968 US
+1 646 931 3860 US
+1 929 436 2866 US (New York)
+1 689 278 1000 US
+1 719 359 4580 US
+1 253 205 0468 US
+1 253 215 8782 US (Tacoma)
+1 346 248 7799 US (Houston)
+1 360 209 5623 US
+1 386 347 5053 US
+1 507 473 4847 US
+1 564 217 2000 US
+1 669 444 9171 US
+1 669 900 6833 US (San Jose)
	
Meeting ID: 	968 6712 1232	 
International numbers <https://urldefense.com/v3/__https://northwestern.zoom.us/u/a8l2pMmL9__;!!Dq0X2DkFhyF93HkjWTBQKhk!S5Ji2liQrASVmZD869S_5jJzFVIlGjE4GWh5KolDP2WN002aNaOfrptUSvEdUXM0EaD2MWdl0HtyyI8bPA1Xo3FxMEjukd7MmjrhZ4CbFws6XF82i6k6_sw$> 	 
Join from an H.323/SIP room system 	
H.323: 	144.195.19.161 (US West)
206.247.11.121 (US East)
221.122.88.195 (Mainland China)
115.114.131.7 (India Mumbai)
115.114.115.7 (India Hyderabad)
159.124.15.191 (Amsterdam Netherlands)
159.124.47.249 (Germany)
159.124.104.213 (Australia Sydney)
159.124.74.212 (Australia Melbourne)
170.114.134.121 (Hong Kong SAR)
170.114.180.219 (Singapore)
64.211.144.160 (Brazil)
159.124.132.243 (Mexico)
159.124.168.213 (Canada Toronto)
159.124.196.25 (Canada Vancouver)
170.114.194.163 (Japan Tokyo)
147.124.100.25 (Japan Osaka)
	
Meeting ID: 	968 6712 1232	 
SIP: 	96867121232@zoomcrc.com 	



________________________________


Access the BLOCK-STAFF Home Page and Archives <https://LISTSERV.IT.NORTHWESTERN.EDU/cgi-bin/wa.exe?A0=BLOCK-STAFF>  

Unsubscribe from the BLOCK-STAFF List <https://LISTSERV.IT.NORTHWESTERN.EDU/cgi-bin/wa.exe?TICKET=NzM5NjYxIHJvY2lvLm9sYXNpbWJvQE5PUlRIV0VTVEVSTi5FRFUgQkxPQ0stU1RBRkYgIBFuknUwp5md&c=SIGNOFF>  

","https://northwestern.zoom.us/j/96867121232?from=addon",,"Normal","False","Normal","1"
"Coffee With Colleagues","2/11/2026","10:00:00 AM","2/11/2026","10:45:00 AM","False","False","2/11/2026","9:45:00 AM",,"Office of the Provost;Aashka Shroff;Stephanie Lauren Marin;Caroline Serce;Jeff James Snedegar;Michelle J. Manno;Eric John Watson;Hari Michele Osofsky;Sydney Hlavaty;Sumitrajit Dhar;Michael Hines;Gina Bazer;Jake Julia;Johanna Page;Lorraine S Cassis;Roma Khanna;Constance Faith Wright;Jason Ripple;Jen Gurley-Zilligen;Samantha Haevers;Paul Schatz;Christina A. Smith;Mark John Francis;Alex D Rot;Brad Zakarin;Debbie Crimmins;Amy J. Hauenstein;Joan M Johnson;Jo Berry;Karen Smilowitz;Andrianna Kurzenberger;Mia Isabel Hodges;Amit Prachand;Kathleen Hagerty;Celina A Flowers;Jordan Hughes;Leslie Kirchler-Owen;Mearah Quinn-Brauner;Lina Rombalsky Eskew;Dreana Grazyna Rubel;Denise L Drane;Erika Nadile;Joshua Watson;Veronica Y Womack;Laura Jeanne Ferdinand;Jennifer Keys;Kate Flom Derrick;Liza Gaertner;Tricia Paterakos;Stacey Kostell;David Bender;Kaley Mullins;Kate Hadley Toftness;Michael Streicher Metzger;Ben Creech;Chris Forrester;Rita Shorts;Lindsay Bosch;James G Stauber;Malia Adele Haines-Stewart;Erin Lynn Northington;Kristina Marie Bottomley;Aaron L Chatman;Dan Silverstein;Liz Rudnick;Marisa Cruz Branco;Rocio Olasimbo;Kyle Stephan;Robert Bradley Martin;Jeffery Smith;Isabella Ko;Kathleen Bickford Berzock;Vincent L Taylor;Margaret Sagan;Kirsten Lopez;Corinne Granof;Llewyn Blossfeld;Lisa Corrin Graziose;Joe Scott;Essi Ronkko;Tori Saxum;Diamond Mercedes Jones;Peter J Civetta;Megan Novak Wood;Ace S Chisholm;Elizabeth Anne McMath;Kelley Dragoo;Anne Marie Rzepecki;Dennis Michael Echevarria-Cooper;Kimberly M Corn;Michelle Burbea Hoffmann;Tricia England;Jared A Spitz;Patrick Eccles;Gabriela Vazquez;Catrina DeBord;Sara Stene McGuinn;Kevin Tribe;Sara Tully;Jessica Fetridge;Laura E Barron;Laura Johnson;Aline Vivirito-Valais;Ryan Rounds;Lauren Yurman;Jacob Schoofs;Carmen Hernandez;J.P. Salvador;Andrew McGady;James W. Edwards;Chris Garcia;Kevin Francis Riley;Tarza Andre Donegan;Antonio Aranda;Moses Park;Tiffiny S Lear;David Jerome Adams;Darwin Chen;Cole Preston;Kasie Lee Braun;Sarah Brown;Mayadet PC;melisa stephen;Njoki G Kamau;Madeleine Marie Williamson;Grace Lewis;'ElizabethHowell2024@u.northwestern.edu';Meghan Ozaroski;Mimi Sang;Sue Taras;Andreea S Micu;Hiroko Strulovici;Samantha Kaitlyn Nissen;Diana EC Snyder;Harrington Weihl;Aaron Darrisaw;Jill Rhodes;Eric Burke;Zachary Michael Shulman;Deborah Anne Cohen;May Malone;Ryan E Radebaugh;Jennifer Mok;Lydia Janelle Gunn;Eli Fansler;Christine Huh;Lydia Ione Weir;Kyounghee Lee;Gwyneth Brits;Ariana Ramona Drule;Sara Thurston;Danielle Vogel;Su Yeon Yoo;Marielisa De La Cruz;Emma Johnson;Mia A Johnson;Elena McNab;Samantha Ann Sodetz;Cara C Mitchell;Elizabeth Christine Cocke;Hongji Wang;Todd E Murphy;Adam Goodman;Sara Fassino;Hope Brannon;Ruth Martin Curry;Deja Miguest;Jody N Koizumi;Robert James Donahue;Lindsay Wall Succari;Angela Marie Jones;Katrina Weimholt;Craig Woods;Maeve Creagan;Felicia O'Rourke;Phil LeBlanc;Kayla L. James;Nancy A Tapko;Tiffany S Bumpers;Leona Quist;Maj Kargbo;Jasmine Gurneau;Anthony McCray;Oslo Brewster;Jamiece Adams;Hilary Zimmerman;Kamaria Porter;Sarah Klaper;Carrie Thomas;Nicole Izguerra;Cari Magee;Kay Tiemchaiyapum;Erin Elyse Herrick;Iva Dachkova Yovcheva;Jude Mark Almeida;Katwanya K West;Clara Ferretti;Alejandro Wuimen Chang Mo;Magdalena M Esparza-Martinez;Irena J Rudek;Rosalyn Taylor;Ves P Brumfield;Beverly M Huggins;Cynthia D Rogers;Fabrizzio Ramos;Nicole Chen;Tanya April Herbert;Scott Torres;Josephine Q Ravara;Belgica Rodriguez;Kelsey Olsen;Melanie Alyssa Gray;Barb J Bamburg;Lee W Cote;Alexandra Tamayo;Kandise Le Blanc;Andrew Linnehan;Liz Kinsley;Denise Marie Miley;Emily Coffee;Valerie Smith;Stephen Graham Bowe;Niyo Moraza-Keeswood;Aaron B Zdawczyk;Denise Jackson-Willis;Emma Bausch;Joy Caroline Liebman;Natalie Toland;Alyssa Kolton;Nick Radmer;Onis E Cheathams;Cristian Ventura;Emilio Pacheco;Julia Marie Wallace;Robert L Ellis;Christina Drescher Callahan;Chris Tokuhama;Matthew Karl Stalzer;'VivicaLewis2023@u.northwestern.edu';Nolan Fizoires Robinson;Alyssa Martinez;Safiya Corine Johnson;Rejeannda Robinson;Beth Bogdewic;Yaneth Bello;Stephen C Hill;Latanya Veronica Williams;Amy Kehoe;Elizabeth Lewis Pardoe;Jason Kelly Roberts;Jeanne M Crouch;Gwendolyn Masterton;Adom Harris;Nicholas J Lazzara;Bradley Lone;John Richmond","Elizabeth Blondel;Liz McCabe;Brisa Ruiz;Greg Siering",,,," 

","Lake Room, Norris 2nd Floor (2-180)",,"Normal","False","Normal","1"
"Office of the Provost Winter Quarter All-Staff Meeting","2/11/2026","8:45:00 AM","2/11/2026","10:00:00 AM","False","False","2/11/2026","8:30:00 AM",,"Office of the Provost;Aashka Shroff;Kathleen Hagerty;Stephanie Lauren Marin;Caroline Serce;Jeff James Snedegar;Michelle J. Manno;Eric John Watson;Hari Michele Osofsky;Sydney Hlavaty;Sumitrajit Dhar;Michael Hines;Gina Bazer;Jake Julia;Johanna Page;Lorraine S Cassis;Roma Khanna;Constance Faith Wright;Jason Ripple;Jen Gurley-Zilligen;Samantha Haevers;Paul Schatz;Christina A. Smith;Mark John Francis;Alex D Rot;Brad Zakarin;Debbie Crimmins;Amy J. Hauenstein;Joan M Johnson;Jo Berry;Karen Smilowitz;Andrianna Kurzenberger;Mia Isabel Hodges;Amit Prachand;Kathleen Hagerty;Celina A Flowers;Jordan Hughes;Leslie Kirchler-Owen;Mearah Quinn-Brauner;Lina Rombalsky Eskew;Dreana Grazyna Rubel;Denise L Drane;Erika Nadile;Joshua Watson;Veronica Y Womack;Laura Jeanne Ferdinand;Jennifer Keys;Kate Flom Derrick;Liza Gaertner;Tricia Paterakos;Stacey Kostell;David Bender;Kaley Mullins;Kate Hadley Toftness;Michael Streicher Metzger;Ben Creech;Chris Forrester;Rita Shorts;Lindsay Bosch;James G Stauber;Malia Adele Haines-Stewart;Erin Lynn Northington;Kristina Marie Bottomley;Aaron L Chatman;Dan Silverstein;Liz Rudnick;Marisa Cruz Branco;Rocio Olasimbo;Kyle Stephan;Robert Bradley Martin;Jeffery Smith;Isabella Ko;Kathleen Bickford Berzock;Vincent L Taylor;Margaret Sagan;Kirsten Lopez;Corinne Granof;Llewyn Blossfeld;Lisa Corrin Graziose;Joe Scott;Essi Ronkko;Tori Saxum;Diamond Mercedes Jones;Peter J Civetta;Megan Novak Wood;Ace S Chisholm;Elizabeth Anne McMath;Kelley Dragoo;Anne Marie Rzepecki;Dennis Michael Echevarria-Cooper;Kimberly M Corn;Michelle Burbea Hoffmann;Tricia England;Jared A Spitz;Patrick Eccles;Gabriela Vazquez;Catrina DeBord;Sara Stene McGuinn;Kevin Tribe;Sara Tully;Jessica Fetridge;Laura E Barron;Laura Johnson;Aline Vivirito-Valais;Ryan Rounds;Lauren Yurman;Jacob Schoofs;Carmen Hernandez;J.P. Salvador;Andrew McGady;James W. Edwards;Chris Garcia;Kevin Francis Riley;Tarza Andre Donegan;Antonio Aranda;Moses Park;Tiffiny S Lear;David Jerome Adams;Darwin Chen;Cole Preston;Kasie Lee Braun;Sarah Brown;Mayadet PC;melisa stephen;Njoki G Kamau;Madeleine Marie Williamson;Grace Lewis;'ElizabethHowell2024@u.northwestern.edu';Meghan Ozaroski;Mimi Sang;Sue Taras;Andreea S Micu;Hiroko Strulovici;Samantha Kaitlyn Nissen;Diana EC Snyder;Harrington Weihl;Aaron Darrisaw;Jill Rhodes;Eric Burke;Zachary Michael Shulman;Deborah Anne Cohen;May Malone;Ryan E Radebaugh;Jennifer Mok;Lydia Janelle Gunn;Eli Fansler;Christine Huh;Lydia Ione Weir;Kyounghee Lee;Gwyneth Brits;Ariana Ramona Drule;Sara Thurston;Danielle Vogel;Su Yeon Yoo;Marielisa De La Cruz;Emma Johnson;Mia A Johnson;Elena McNab;Samantha Ann Sodetz;Cara C Mitchell;Elizabeth Christine Cocke;Hongji Wang;Todd E Murphy;Adam Goodman;Sara Fassino;Hope Brannon;Ruth Martin Curry;Deja Miguest;Jody N Koizumi;Robert James Donahue;Lindsay Wall Succari;Angela Marie Jones;Katrina Weimholt;Craig Woods;Maeve Creagan;Felicia O'Rourke;Phil LeBlanc;Kayla L. James;Nancy A Tapko;Tiffany S Bumpers;Leona Quist;Maj Kargbo;Jasmine Gurneau;Anthony McCray;Oslo Brewster;Jamiece Adams;Hilary Zimmerman;Kamaria Porter;Sarah Klaper;Carrie Thomas;Nicole Izguerra;Cari Magee;Kay Tiemchaiyapum;Erin Elyse Herrick;Iva Dachkova Yovcheva;Jude Mark Almeida;Katwanya K West;Clara Ferretti;Alejandro Wuimen Chang Mo;Magdalena M Esparza-Martinez;Irena J Rudek;Rosalyn Taylor;Ves P Brumfield;Beverly M Huggins;Cynthia D Rogers;Fabrizzio Ramos;Nicole Chen;Tanya April Herbert;Scott Torres;Josephine Q Ravara;Belgica Rodriguez;Kelsey Olsen;Melanie Alyssa Gray;Barb J Bamburg;Lee W Cote;Alexandra Tamayo;Kandise Le Blanc;Andrew Linnehan;Liz Kinsley;Denise Marie Miley;Emily Coffee;Valerie Smith;Stephen Graham Bowe;Niyo Moraza-Keeswood;Aaron B Zdawczyk;Denise Jackson-Willis;Emma Bausch;Joy Caroline Liebman;Natalie Toland;Alyssa Kolton;Nick Radmer;Onis E Cheathams;Cristian Ventura;Emilio Pacheco;Julia Marie Wallace;Robert L Ellis;Christina Drescher Callahan;Chris Tokuhama;Matthew Karl Stalzer;'VivicaLewis2023@u.northwestern.edu';Nolan Fizoires Robinson;Alyssa Martinez;Safiya Corine Johnson;Rejeannda Robinson;Beth Bogdewic;Yaneth Bello;Stephen C Hill;Latanya Veronica Williams;Amy Kehoe;Elizabeth Lewis Pardoe;Jason Kelly Roberts;Jeanne M Crouch;Gwendolyn Masterton;Adom Harris;Nicholas J Lazzara;Bradley Lone","Elizabeth Blondel;Liz McCabe;Brisa Ruiz;Greg Siering;Ryan Podlashes;Samuel Joseph Wehner;Shawn William McComb;Britanni L Williams;Elizabeth Howell;Richard Gessert;Maxine Sexton;Maxine Sexton;Sage Dunne;Eun Y. Sandoval-Lee",,,,"The Winter Quarter Office of the Provost all-staff meeting will be held from 9-10 a.m. on February 11 in McCormick Auditorium in the Norris University Center. Coffee, tea, and light breakfast fare will be available beginning at 8:45 a.m. inside the auditorium. We look forward to seeing you there!

 

*** 

 

8:45am: Coffee, tea, and light breakfast fare available

9:00am: Program begins

10:00am: Program concludes

","McCormick Auditorium, Norris University Center",,"Normal","False","Normal","1"
"Canceled: JWSH_ST 350 (also COMP_LIT 305) Representing the Holocaust in Literature and Film","2/5/2026","11:00:00 AM","2/5/2026","12:30:00 PM","False","False","2/5/2026","10:45:00 AM","Katz Classroom","Block Museum;Block Engagement;Aaron L Chatman;Rocio Olasimbo;James G Stauber;Kenneth L Watson;Guy Ehrlich;Corinne Granof","Essi Ronkko;Margaret Sagan",,,,"
","Katz classroom",,"High","False","Normal","3"
"PUBLIC PROGRAM: BMSA Art Talks! Tó Łisto","2/8/2026","2:00:00 PM","2/8/2026","3:00:00 PM","False","False","2/8/2026","1:45:00 PM",,"Block Museum;Aaron L Chatman;Block Engagement;Chris Forrester;Dan Silverstein;Elisa Miller Quinlan;Erin Lynn Northington;Isabella Ko;Jeffery Smith;Kathleen Bickford Berzock;Kenneth L Watson;Lindsay Bosch;Lisa Corrin Graziose;Malia Adele Haines-Stewart;Margaret Sagan;Michael Streicher Metzger;Rocio Olasimbo;Warren G Smith;Block Museum Outreach",,,,,"Date: 02/08/2026
Time: 2:00PM-3:00PM
Type of Event: public program — BMSA Art Talks 
Name of Group: BMSA Art Talks! Tó Łisto
Location: Main Gallery 
Internal Contact Person(s): BMSAs, Isabella, Erin, Margaret 
External Contact Person(s): NA 
Guests Expected: 25 max 
Taking Attendance (Y/N): Y
Attendance Total:
Notes:
","main gallery",,"Normal","False","Normal","1"
"Canceled: PUBLIC PROGRAM: BMSA Art Talks! Hamdia Traoré ","2/28/2026","12:30:00 PM","2/28/2026","1:30:00 PM","False","False","2/28/2026","12:15:00 PM","Block Museum","Aaron L Chatman;Block Engagement;Chris Forrester;Dan Silverstein;Elisa Miller Quinlan;Erin Lynn Northington;Isabella Ko;Jeffery Smith;Kathleen Bickford Berzock;Kenneth L Watson;Lindsay Bosch;Lisa Corrin Graziose;Malia Adele Haines-Stewart;Margaret Sagan;Michael Streicher Metzger;Rocio Olasimbo;Warren G Smith;Block Museum Outreach",,,,,"Date: 02/28/2026

Time: 12:30PM-1:30PM

Type of Event: public program — BMSA Art Talks 

Name of Group: BMSA Art Talks! Hamdia Traoré

Location: Main Gallery 

Internal Contact Person(s): BMSAs, Isabella, Erin, Margaret 

External Contact Person(s): NA 

Guests Expected: 25 max 

Taking Attendance (Y/N): Y

Attendance Total:

Notes:

","main gallery",,"High","False","Normal","3"
"PUBLIC PROGRAM: BMSA Art Talks! Tó Łisto","2/22/2026","2:00:00 PM","2/22/2026","3:00:00 PM","False","False","2/22/2026","1:45:00 PM",,"Block Museum;Aaron L Chatman;Block Engagement;Chris Forrester;Dan Silverstein;Elisa Miller Quinlan;Erin Lynn Northington;Isabella Ko;Jeffery Smith;Kathleen Bickford Berzock;Kenneth L Watson;Lindsay Bosch;Lisa Corrin Graziose;Malia Adele Haines-Stewart;Margaret Sagan;Michael Streicher Metzger;Rocio Olasimbo;Warren G Smith;Block Museum Outreach",,,,,"Date: 02/22/2026
Time: 2:00PM-3:00PM
Type of Event: public program — BMSA Art Talks 
Name of Group: BMSA Art Talks! Tó Łisto
Location: Main Gallery 
Internal Contact Person(s): BMSAs, Isabella, Erin, Margaret 
External Contact Person(s): NA 
Guests Expected: 25 max 
Taking Attendance (Y/N): Y
Attendance Total:
Notes:
","main gallery",,"Normal","False","Normal","1"
"PUBLIC PROGRAM: BMSA Art Talks! The Living Room","2/15/2026","2:00:00 PM","2/15/2026","3:00:00 PM","False","False","2/15/2026","1:45:00 PM",,"Block Museum;Aaron L Chatman;Block Engagement;Chris Forrester;Dan Silverstein;Elisa Miller Quinlan;Erin Lynn Northington;Isabella Ko;Jeffery Smith;Kathleen Bickford Berzock;Kenneth L Watson;Lindsay Bosch;Lisa Corrin Graziose;Malia Adele Haines-Stewart;Margaret Sagan;Michael Streicher Metzger;Rocio Olasimbo;Warren G Smith;Block Museum Outreach",,,,,"Date: 02/15/2026
Time: 2:00PM-3:00PM
Type of Event: public program — BMSA Art Talks 
Name of Group: BMSA Art Talks! The Living Room
Location: Alsdorf 
Internal Contact Person(s): BMSAs, Isabella, Erin, Margaret 
External Contact Person(s): NA 
Guests Expected: 25 max 
Taking Attendance (Y/N): Y
Attendance Total:
Notes:
","alsorf/living room",,"Normal","False","Normal","1"
"PUBLIC PROGRAM: Gallery Talk - Tó Łisto","2/19/2026","12:30:00 PM","2/19/2026","1:30:00 PM","False","False","2/19/2026","12:15:00 PM",,"Block Museum;Aaron L Chatman;Block Engagement;Chris Forrester;Dan Silverstein;Elisa Miller Quinlan;Erin Lynn Northington;Isabella Ko;Jeffery Smith;Kathleen Bickford Berzock;Kenneth L Watson;Lindsay Bosch;Lisa Corrin Graziose;Malia Adele Haines-Stewart;Margaret Sagan;Michael Streicher Metzger;Rocio Olasimbo;Warren G Smith;Marisa Cruz Branco","Block Museum Outreach",,,,"Date: 02/19/26 

Time: 12:30-1:30PM

Type of Event: Public Program

Name of Group: Gallery Talk: Tó Łisto from Marisa  

Location: main gallery

Internal Contact Person(s): Margaret, Isabella, Erin

External Contact Person(s):  N/A

Guests Expected: TBD  

Taking Attendance (Y/N): Y

Attendance Total:

","tó łisto -- main gallery",,"Normal","False","Normal","1"
"PUBLIC PROGRAM: Curator Talk - Hamdia Traoré ","2/12/2026","12:30:00 PM","2/12/2026","1:30:00 PM","False","False","2/12/2026","12:15:00 PM",,"Block Museum;Aaron L Chatman;Block Engagement;Chris Forrester;Dan Silverstein;Elisa Miller Quinlan;Erin Lynn Northington;Isabella Ko;Jeffery Smith;Kathleen Bickford Berzock;Kenneth L Watson;Lindsay Bosch;Lisa Corrin Graziose;Malia Adele Haines-Stewart;Margaret Sagan;Michael Streicher Metzger;Rocio Olasimbo;Warren G Smith","Block Museum Outreach",,,,"Date: 02/12/26 

Time: 12:30-1:30PM

Type of Event: Public Program

Name of Group: Curator Talk: Hamdia Traoré from Kathleen 

Location: main gallery

Internal Contact Person(s): Margaret, Isabella, Erin

External Contact Person(s):  N/A

Guests Expected: TBD  

Taking Attendance (Y/N): Y

Attendance Total:

","hamdia traoré -- main gallery",,"Normal","False","Normal","1"
"INTERNAL TECH CHECK: Jonathan Castillo Program","2/25/2026","12:00:00 PM","2/25/2026","1:00:00 PM","False","False","2/25/2026","11:45:00 AM",,"Block Museum;Aaron L Chatman;Block Engagement;Erin Lynn Northington;Isabella Ko;Kenneth L Watson;Rocio Olasimbo;Warren G Smith;Ben Creech;Margaret Sagan",,,,,"Date: 02/25/26

Time: 12:00-1:00PM

Type of Event: internal tech check

Name of Group: INTERNAL TECH CHECK: Jonathan Castillo public program

Location: Block Auditorium

Internal Contact Person(s): Margaret, Ben

External Contact Person(s):  N/A

Guests Expected: NA

Taking Attendance (Y/N): N

Attendance Total: 

Notes:  

","Block Auditorium",,"Normal","False","Normal","1"
"PUBLIC PROGRAM: Jonathan Castillo","2/25/2026","6:00:00 PM","2/25/2026","7:30:00 PM","False","False","2/25/2026","5:45:00 PM",,"Block Museum;Margaret Sagan;Jeffery Smith;Michael Streicher Metzger;Malia Adele Haines-Stewart;Aaron L Chatman;Block Engagement;Dan Silverstein;Elisa Miller Quinlan;Erin Lynn Northington;Isabella Ko;Kathleen Bickford Berzock;Kenneth L Watson;Lindsay Bosch;Rocio Olasimbo;Warren G Smith;Ben Creech;Chris Forrester;Lisa Corrin Graziose","Essi Ronkko;Kate Hadley Toftness",,,,"Date: 02/25/2026

Time: 6:00PM-7:30PM

Type of Event: Public Program

Name of Group: Jonathan Castillo public program

Location: Block lobby, Block Auditorium

Internal Contact Person(s): Margaret, Isabella, Erin

External Contact Person(s):  N/A

Guests Expected: 140

Taking Attendance (Y/N): Y

Attendance Total: 

Notes: 

*	
	4 pm- Engagement begins setting up; can VS help with reception tables/moving furniture
*	
	4:30 pm- Aphorism videography loads into back of Living Room, waiting for Michael's class to finish
*	
	4:40 pm- La Cocinita catering sets up reception
*	
	5 pm-6 pm - light public reception in Block Lobby; BMSAs in Living Room talking about the artwork 

	*	
		can VS help us make sure food stays out of The Living Room/the galleries? we'll have signs out, too 

*	
	~5:40 pm - auditorium doors open to the public (Engagement to confirm)
*	
	6-7:30 pm - public program 

	*	
		can VS also help us break down the reception once the program starts? 

*	
	7:30 pm - BMSAs in Living Room to talk about Jonathan’s work until 8pm 
*	
	8 pm - museum closes 



","Block Auditorium; Block Lobby",,"Normal","False","Normal","2"
"TECH CHECK: Candace Keller + Malick Sitou Public Program","2/21/2026","1:00:00 PM","2/21/2026","1:30:00 PM","False","False","2/21/2026","12:45:00 PM",,"Block Museum;Margaret Sagan;Erin Lynn Northington;Isabella Ko;Aaron L Chatman;Block Engagement;Kenneth L Watson;Rocio Olasimbo;Warren G Smith;Ben Creech",,,,,"Date: 02/21/26 

Time:1:00-1:30pm 

Type of Event: tech check

Name of Group: TECH CHECK: Candace Keller + Malick Sitou Public Program

Location: auditorium  

Internal Contact Person(s): Margaret, Ben 

External Contact Person(s):  N/A

Guests Expected: NA

Taking Attendance (Y/N): N

Attendance Total:

Notes: auditorium doors open to the public ~1:30; engagement to confirm

","auditorium",,"Normal","False","Normal","1"
"PUBLIC PROGRAM: Candace Keller and Malick Sitou","2/21/2026","2:00:00 PM","2/21/2026","3:30:00 PM","False","False","2/21/2026","1:45:00 PM",,"Block Museum;Jeffery Smith;Malia Adele Haines-Stewart;Margaret Sagan;Isabella Ko;Erin Lynn Northington;Chris Forrester;Michael Streicher Metzger;Aaron L Chatman;Block Engagement;Dan Silverstein;Elisa Miller Quinlan;Kathleen Bickford Berzock;Kenneth L Watson;Lindsay Bosch;Lisa Corrin Graziose;Rocio Olasimbo;Warren G Smith;Ben Creech","Uche Okpa-iroha;Block Museum Outreach;Essi Ronkko",,,,"Date: 02/21/26

Time: 2:00-3:30PM

Type of Event: Public Program

Name of Group: Candace Keller + Malick Sitou in Conversation

Location: Block lobby, Block Auditorium

Internal Contact Person(s): Margaret, Isabella, Erin

External Contact Person(s):  N/A

Guests Expected: 140

Taking Attendance (Y/N): Y

Attendance Total: 

Notes: 

11:30am — Engagement arrives to set up; Panera boxed lunches arrive; Aphorism arrives to set up videography in auditorium 
1-1:30pm — tech check with speakers
~1:30pm — auditorium doors open to public; Engagement to confirm 
2-3:30pm — public program 


","Block Auditorium; Block Lobby",,"Normal","False","Normal","1"
"TECH CHECK: Teresa Montoya in Conversation","2/7/2026","1:00:00 PM","2/7/2026","1:30:00 PM","False","False","2/7/2026","12:45:00 PM",,"Block Museum;Margaret Sagan;Erin Lynn Northington;Isabella Ko;Aaron L Chatman;Block Engagement;Kenneth L Watson;Rocio Olasimbo;Warren G Smith;Ben Creech",,,,,"Date: 02/07/26 

Time:1-1:30pm; Engagement setting up auditorium starting 11:30am 

Type of Event: tech check

Name of Group: TECH CHECK: Teresa Montoya in Conversation

Location: auditorium  

Internal Contact Person(s): Margaret, Ben 

External Contact Person(s):  N/A

Guests Expected: NA

Taking Attendance (Y/N): N

Attendance Total:

Notes: 

","auditorium",,"Normal","False","Normal","1"
"RECEPTION: Teresa Montoya in Conversation","2/7/2026","3:30:00 PM","2/7/2026","4:30:00 PM","False","False","2/7/2026","3:15:00 PM",,"Block Museum;Margaret Sagan;Erin Lynn Northington;Isabella Ko;Aaron L Chatman;Block Engagement;Kenneth L Watson;Rocio Olasimbo;Warren G Smith",,,,,"Date: 02/07/26 

Time: 3:30-4:30PM

Type of Event: reception

Name of Group: RECEPTION: Teresa Montoya in Conversation

Location: Block lobby 

Internal Contact Person(s): Margaret, Isabella, Erin

External Contact Person(s):  N/A

Guests Expected: 140

Taking Attendance (Y/N): N

Attendance Total:

Notes:

3pm — Compass arrives to set up reception 
3:30-4:30pm — public reception 
anywhere from 4:15-5pm — Compass arrives for reception breakdown 
5pm — museum closes 


","Block Lobby",,"Normal","False","Normal","1"
"PUBLIC PROGRAM: Teresa Montoya in Conversation","2/7/2026","2:00:00 PM","2/7/2026","3:30:00 PM","False","False","2/7/2026","1:45:00 PM",,"Block Museum;Chris Forrester;Jeffery Smith;Michael Streicher Metzger;Erin Lynn Northington;Isabella Ko;Malia Adele Haines-Stewart;Aaron L Chatman;Block Engagement;Dan Silverstein;Elisa Miller Quinlan;Kathleen Bickford Berzock;Kenneth L Watson;Lindsay Bosch;Lisa Corrin Graziose;Margaret Sagan;Rocio Olasimbo;Warren G Smith;Ben Creech","Marisa Cruz Branco;Essi Ronkko;Kirsten Lopez",,,,"Date: 02/07/26 

Time: 2:00-3:30PM

Type of Event: Public Program

Name of Group: Teresa Montoya in Conversation

Location: Block lobby, Block Auditorium

Internal Contact Person(s): Margaret, Isabella, Erin

External Contact Person(s):  N/A

Guests Expected: 140

Taking Attendance (Y/N): Y

Attendance Total:

Notes:

11:30am — Engagement staff arriving to The Block to set-up 
11:45am — food for Block staff arrives; needs to be moved to conference room / BMSAs arrive 
12pm — museum opens to the public / Sean's team photographing in the galleries 
(FYI at 12pm, there's also a private luncheon occurring at Norris, if folks ask you)  
1-1:30pm — tech check in auditorium with speakers, Margaret, and Ben
1:30pm — auditorium doors open to public/Engagement to confirm 
2-3:30pm — public program 
3pm — Compass arrives to set up reception ** VS: can you help us set up the tables for this? Isabella will check-in with you all on this, day-of
3:30-4:30pm — public reception 
anywhere from 4:15-5pm — Compass arrives for reception breakdown 
5pm — museum closes 




 
","Block Auditorium; Block Lobby",,"Normal","False","Normal","1"
"Canceled: BMSA Weekly Trainings","2/6/2026","3:00:00 PM","2/6/2026","5:00:00 PM","False","True","2/6/2026","2:45:00 PM","Erin Lynn Northington","Isabella Ko;Aaron L Chatman;Rocio Olasimbo;James G Stauber;Kenneth L Watson",,,,,"Date: Fridays during the academic year

Time: 3:00PM-5:00PM

Type of Tour: Eng-led

Name of Group: 2025-2026 BMSA Weekly Meeting

Location: Conference Room and Galleries

Block Contact Person(s): Erin and Isabella

External Contact Person(s): Erin and Isabella

Guests Expected: 21

Taking Attendance (Y/N): Y

Attendance Total: 

Notes: 

 

","Conference Room",,"High","False","Normal","3"
"Canceled: BMSA Weekly Trainings","2/13/2026","3:00:00 PM","2/13/2026","5:00:00 PM","False","True","2/13/2026","2:45:00 PM","Erin Lynn Northington","Isabella Ko;Aaron L Chatman;Rocio Olasimbo;James G Stauber;Kenneth L Watson",,,,,"Date: Fridays during the academic year

Time: 3:00PM-5:00PM

Type of Tour: Eng-led

Name of Group: 2025-2026 BMSA Weekly Meeting

Location: Conference Room and Galleries

Block Contact Person(s): Erin and Isabella

External Contact Person(s): Erin and Isabella

Guests Expected: 21

Taking Attendance (Y/N): Y

Attendance Total: 

Notes: 

 

","Conference Room",,"High","False","Normal","3"
"Canceled: BMSA Weekly Trainings","2/20/2026","3:00:00 PM","2/20/2026","5:00:00 PM","False","True","2/20/2026","2:45:00 PM","Erin Lynn Northington","Isabella Ko;Aaron L Chatman;Rocio Olasimbo;James G Stauber;Kenneth L Watson",,,,,"Date: Fridays during the academic year

Time: 3:00PM-5:00PM

Type of Tour: Eng-led

Name of Group: 2025-2026 BMSA Weekly Meeting

Location: Conference Room and Galleries

Block Contact Person(s): Erin and Isabella

External Contact Person(s): Erin and Isabella

Guests Expected: 21

Taking Attendance (Y/N): Y

Attendance Total: 

Notes: 

 

","Conference Room",,"High","False","Normal","3"
"Canceled: BMSA Weekly Trainings","2/27/2026","3:00:00 PM","2/27/2026","5:00:00 PM","False","True","2/27/2026","2:45:00 PM","Erin Lynn Northington","Isabella Ko;Aaron L Chatman;Rocio Olasimbo;James G Stauber;Kenneth L Watson",,,,,"Date: Fridays during the academic year

Time: 3:00PM-5:00PM

Type of Tour: Eng-led

Name of Group: 2025-2026 BMSA Weekly Meeting

Location: Conference Room and Galleries

Block Contact Person(s): Erin and Isabella

External Contact Person(s): Erin and Isabella

Guests Expected: 21

Taking Attendance (Y/N): Y

Attendance Total: 

Notes: 

 

","Conference Room",,"High","False","Normal","3"
"AUTOMATED WFS (Workforce Software) TIME ENTRY REMINDER","2/2/2026","9:00:00 AM","2/2/2026","9:05:00 AM","False","True","2/2/2026","8:45:00 AM",,"Rita Shorts;Rocio Olasimbo;Ben Creech;Marisa Cruz Branco;Malia Adele Haines-Stewart;Isabella Ko;Robert Bradley Martin;Essi Ronkko;Vincent L Taylor;James G Stauber;James Francis Baroz;Ethan Thomas Bledsoe;Vincent Diaz Bonacquisti;Keya Soni Chaudhuri;Alexander David Crowell;Steph-Ann Laurena Dejean;Bazil Thomas Frueh;Camille Ann Mai Gerville-Reache;Bela Gomes Castilho;Samanta Afify Habashy;KaylinHarris2026@u.northwestern.edu;Vy Truc Ho;Esau McGhee;Kaitlyn Grace James;Kara Cobb Johnson;Hyouji Joo;Ashley Kim;Hannah Kim;Tristen Ives;Isaac Porter Lageschulte;Faith Magiera;Cassandra Meek;Victoria Isabel Feria Montinola;Aniyah Patterson;Vanya Saksena;Emily Shen;Warren G Smith;Christine Marie Wallers;Tyree Lynise Walton;Kenneth L Watson;Esau Torrell McGhee;Paul William O'Connor;Da Mi Kim;Malik Julius Middleton;Llewyn Blossfeld;renatocardoso2026@u.northwestern.edu;Leila Murray;Lily S Shen;Aranza Noriega Blondet;Laurel Ada Anderson;Alexa Murphy;Priyal Rajnish Khanuja;Muyang Chen;Aja Jenai Frazier;Harin Jeong;Darasimi Deborah Bankole;Hana Angelina Javed;Symone Harris;Alexander Eick;Mya Raine Sewell;Maria DiBello;Melanie Medina;annabellesweet2027@u.northwestern.edu","Kristina Marie Bottomley;Aaron L Chatman;Chris Forrester;Corinne D Granof (c-granof@northwestern.edu);Michael Streicher Metzger;Erin Lynn Northington;Jeffery Smith",,,,"All timesheets must be submitted. It is very important that your hours are entered and submitted on or before the dates below. Please account for all your time before you submit. 

 

***** Supervisor…You are copied here. Please ensure that your employees have entered their hours. Unscheduled check costs $100 ***** Please See Jeff

 

It is your responsibility to ensure that your direct deposit is up to date. 

 

Access myHR <https://myhr.northwestern.edu/>  with your NetID and Password                                                                                                                                                                                 

a) Set up Direct Deposit (to receive your paychecks) 

*        myHR > Pay > My Direct Deposit 

b) Enter your Federal Form W-4 

*        myHR > Pay > W-4 Tax Information

 

WFS Timekeeping & Webmail

*	Please use your NetID and Password to ensure you are able access WFS <https://urldefense.com/v3/__https:/nwuni.wta-us8.wfs.cloud/workforce/SSO.do__;!!Dq0X2DkFhyF93HkjWTBQKhk!W7QH1PAkJd6wK1EovFGLXfcLknl37klwJSocfzToHFZIUhl6Nx_QEIXEvpMDsm0h0U8eILN9RRsSicRfWFrKSmjkwkSJPhl7YrD3qb8bXQ$> . Let me know if you need training or a refresher. 

 

*	Workforce Software Login - Job Aid <https://www.northwestern.edu/hr/documents/calendar-groups.pdf>   
*	Job Aids - How To - WFS Workforce Software <https://www.northwestern.edu/hr/essentials/hr-systems/timekeeping/instructions.html> 
*	Workforce Software Aid & Quicksteps <https://www.northwestern.edu/hr/documents/time-entry---workforce-software.pdf> . How to access the timesheet, and correct timesheet for multiple jobs/assignments.

Please ensure you can access your university Webmail <https://www.northwestern.edu/webmail/> . 

 

Attached: FY25 Biweekly Pay and Cutoff Dates

 

NU Holiday’s Observance – 2025 <https://www.northwestern.edu/hr/benefits/leaves-holidays/university-scheduled-holidays.html> 

 

Timekeeping Requirements

  Hours Due
   by 4:00 pm

FY PAY PERIODS
Begins         Ends 

Pay Dates

 

 

Thu 8/29/24

Sun 8/18/24

Sat 8/31/24

Fri 9/6/24

 

Thu 9/12/24

Sun 9/1/24

Sat 9/14/24

Fri 9/20/24

 

Thu 9/26/24

Sun 9/15/24

Sat 9/28/24

Fri 10/4/24

 

Thu 10/10/24

Sun 9/29/24

Sat 10/12/24

Fri 10/18/24

 

Thu 10/24/24

Sun 10/13/24

Sat 10/26/24

Fri 11/1/24

 

Thu 11/7/24

Sun 10/27/24

Sat 11/9/24

Fri 11/15/24

 

Tue 11/19/24 **

Sun 11/10/24

Sat 11/23/24

Fri 11/27/24

 

Thu 12/5/24

Sun 11/24/24

Sat 12/7/24

Fri 12/13/24

 

Wed 12/18/24 **

Sun 12/8/24

Sat 12/21/24

Fri 12/27/24

 

Thu 1/2/25 **

Sun 12/22/24

Sat 1/4/25

Fri 1/10/25

 

Thu 1/16/25

Sun 1/5/25

Sat 1/18/25

Fri 1/24/25

 

Thu 1/30/25

Sun 1/19/25

Sat 2/1/25

Fri 2/7/25

 

Thu 2/13/25

Sun 2/2/25

Sat 2/15/25

Fri 2/21/25

 

Thu 2/27/25

Sun 2/16/25

Sat 3/1/25

Fri 3/7/25

 

Thu 3/13/25

Sun 3/2/25

Sat 3/15/25

Fri 3/21/25

 

Thu 3/27/25

Sun 3/16/25

Sat 3/29/25

Fri 4/4/25

 

Thu 4/10/25

Sun 3/30/25

Sat 4/12/25

Fri 4/18/25

 

Thu 4/24/25

Sun 4/13/25

Sat 4/26/25

Fri 5/2/25

 

Thu 5/8/25

Sun 4/27/25

Sat 5/10/25

Fri 5/16/25

 

Thu 5/22/25

Sun 5/11/25

Sat 5/24/25

Fri 5/30/25

 

Thu 6/5/25

Sun 5/25/25

Sat 6/7/25

Fri 6/13/25

 

Thu 6/19/25

Sun 6/8/25

Sat 6/21/25

Fri 6/27/25

 

Thu 7/3/25

Sun 6/22/25

Sat 7/5/25

Fri 7/11/25

 

Thu 7/17/25

Sun 7/6/25

Sat 7/19/25

Fri 7/25/25

 

Thu 7/31/25

Sun 7/20/25

Sat 8/2/25

Fri 8/8/25

 

Thu 8/14/25

Sun 8/3/25

Sat 8/16/25

Fri 8/22/25

 

Thu 8/28/25

Sun 8/17/25

Sat 8/30/25

Fri 9/5/25

 

Thu 9/11/25

Sun 8/31/25

Sat 9/13/25

Fri 9/19/25

 

Thu 9/25/25

Sun 9/14/25

Sat 9/27/25

Fri 10/3/25

 

Thu 10/9/25

Sun 9/28/25

Sat 10/11/25

Fri 10/17/25

 

Thu 10/23/25

Sun 10/12/25

Sat 10/25/25

Fri 10/31/25

 

Thu 11/6/25

Sun 10/26/25

Sat 11/8/25

Fri 11/14/25

 

Thu 11/20/25

Sun 11/9/25

Sat 11/22/25

Fri 11/28/25

 

Thu 12/4/25

Sun 11/23/25

Sat 12/6/25

Fri 12/12/25

 

Thu 12/18/25

Sun 12/7/25

Sat 12/20/25

Fri 12/26/25

 

Thu 1/1/26

Sun 12/21/25

Sat 1/3/26

Fri 1/9/26

 

Thu 1/15/26

Sun 1/4/26

Sat 1/17/26

Fri 1/23/26

 

Thu 1/29/26

Sun 1/18/26

Sat 1/31/26

Fri 2/6/26

 

Thu 2/12/26

Sun 2/1/26

Sat 2/14/26

Fri 2/20/26

 

Thu 2/26/26

Sun 2/15/26

Sat 2/28/26

Fri 3/6/26

 

Thu 3/12/26

Sun 3/1/26

Sat 3/14/26

Fri 3/20/26

 

Thu 3/26/26

Sun 3/15/26

Sat 3/28/26

Fri 4/3/26

 

Thu 4/9/26

Sun 3/29/26

Sat 4/11/26

Fri 4/17/26

 

Thu 4/23/26

Sun 4/12/26

Sat 4/25/26

Fri 5/1/26

 

Thu 5/7/26

Sun 4/26/26

Sat 5/9/26

Fri 5/15/26

 

Thu 5/21/26

Sun 5/10/26

Sat 5/23/26

Fri 5/29/26

 

Thu 6/4/26

Sun 5/24/26

Sat 6/6/26

Fri 6/12/26

 

Thu 6/18/26

Sun 6/7/26

Sat 6/20/26

Fri 6/26/26

 

Thu 7/2/26

Sun 6/21/26

Sat 7/4/26

Fri 7/10/26

 

Thu 7/16/26

Sun 7/5/26

Sat 7/18/26

Fri 7/24/26

 

Thu 7/30/26

Sun 7/19/26

Sat 8/1/26

Fri 8/7/26

								

 

Thanks,

Rita

 

Rita Shorts

Business Administrator 

The Block Museum of Art <https://www.blockmuseum.northwestern.edu/> 

Northwestern University

40 Arts Circle Drive, Room 217

Evanston, Illinois 60208

d-shorts@northwestern.edu <mailto:d-shorts@northwestern.edu> 

847.491.4002 <tel:847-491-4002> 

Working Partially Remote

 

 

","Block Museum of Art (40 Arts Circle Dr, Evanston, IL)",,"Normal","False","Normal","1"
"AUTOMATED WFS (Workforce Software) TIME ENTRY REMINDER","2/4/2026","9:00:00 AM","2/4/2026","9:05:00 AM","False","True","2/4/2026","8:45:00 AM",,"Rita Shorts;Rocio Olasimbo;Ben Creech;Marisa Cruz Branco;Malia Adele Haines-Stewart;Isabella Ko;Robert Bradley Martin;Essi Ronkko;Vincent L Taylor;James G Stauber;James Francis Baroz;Ethan Thomas Bledsoe;Vincent Diaz Bonacquisti;Keya Soni Chaudhuri;Alexander David Crowell;Steph-Ann Laurena Dejean;Bazil Thomas Frueh;Camille Ann Mai Gerville-Reache;Bela Gomes Castilho;Samanta Afify Habashy;KaylinHarris2026@u.northwestern.edu;Vy Truc Ho;Esau McGhee;Kaitlyn Grace James;Kara Cobb Johnson;Hyouji Joo;Ashley Kim;Hannah Kim;Tristen Ives;Isaac Porter Lageschulte;Faith Magiera;Cassandra Meek;Victoria Isabel Feria Montinola;Aniyah Patterson;Vanya Saksena;Emily Shen;Warren G Smith;Christine Marie Wallers;Tyree Lynise Walton;Kenneth L Watson;Esau Torrell McGhee;Paul William O'Connor;Da Mi Kim;Malik Julius Middleton;Llewyn Blossfeld;renatocardoso2026@u.northwestern.edu;Leila Murray;Lily S Shen;Aranza Noriega Blondet;Laurel Ada Anderson;Alexa Murphy;Priyal Rajnish Khanuja;Muyang Chen;Aja Jenai Frazier;Harin Jeong;Darasimi Deborah Bankole;Hana Angelina Javed;Symone Harris;Alexander Eick;Mya Raine Sewell;Maria DiBello;Melanie Medina;annabellesweet2027@u.northwestern.edu","Kristina Marie Bottomley;Aaron L Chatman;Chris Forrester;Corinne D Granof (c-granof@northwestern.edu);Michael Streicher Metzger;Erin Lynn Northington;Jeffery Smith",,,,"All timesheets must be submitted. It is very important that your hours are entered and submitted on or before the dates below. Please account for all your time before you submit. 

 

***** Supervisor…You are copied here. Please ensure that your employees have entered their hours. Unscheduled check costs $100 ***** Please See Jeff

 

It is your responsibility to ensure that your direct deposit is up to date. 

 

Access myHR <https://myhr.northwestern.edu/>  with your NetID and Password                                                                                                                                                                                 

a) Set up Direct Deposit (to receive your paychecks) 

*        myHR > Pay > My Direct Deposit 

b) Enter your Federal Form W-4 

*        myHR > Pay > W-4 Tax Information

 

WFS Timekeeping & Webmail

*	Please use your NetID and Password to ensure you are able access WFS <https://urldefense.com/v3/__https:/nwuni.wta-us8.wfs.cloud/workforce/SSO.do__;!!Dq0X2DkFhyF93HkjWTBQKhk!W7QH1PAkJd6wK1EovFGLXfcLknl37klwJSocfzToHFZIUhl6Nx_QEIXEvpMDsm0h0U8eILN9RRsSicRfWFrKSmjkwkSJPhl7YrD3qb8bXQ$> . Let me know if you need training or a refresher. 

 

*	Workforce Software Login - Job Aid <https://www.northwestern.edu/hr/documents/calendar-groups.pdf>   
*	Job Aids - How To - WFS Workforce Software <https://www.northwestern.edu/hr/essentials/hr-systems/timekeeping/instructions.html> 
*	Workforce Software Aid & Quicksteps <https://www.northwestern.edu/hr/documents/time-entry---workforce-software.pdf> . How to access the timesheet, and correct timesheet for multiple jobs/assignments.

Please ensure you can access your university Webmail <https://www.northwestern.edu/webmail/> . 

 

Attached: FY25 Biweekly Pay and Cutoff Dates

 

NU Holiday’s Observance – 2025 <https://www.northwestern.edu/hr/benefits/leaves-holidays/university-scheduled-holidays.html> 

 

Timekeeping Requirements

  Hours Due
   by 4:00 pm

FY PAY PERIODS
Begins         Ends 

Pay Dates

 

 

Thu 8/29/24

Sun 8/18/24

Sat 8/31/24

Fri 9/6/24

 

Thu 9/12/24

Sun 9/1/24

Sat 9/14/24

Fri 9/20/24

 

Thu 9/26/24

Sun 9/15/24

Sat 9/28/24

Fri 10/4/24

 

Thu 10/10/24

Sun 9/29/24

Sat 10/12/24

Fri 10/18/24

 

Thu 10/24/24

Sun 10/13/24

Sat 10/26/24

Fri 11/1/24

 

Thu 11/7/24

Sun 10/27/24

Sat 11/9/24

Fri 11/15/24

 

Tue 11/19/24 **

Sun 11/10/24

Sat 11/23/24

Fri 11/27/24

 

Thu 12/5/24

Sun 11/24/24

Sat 12/7/24

Fri 12/13/24

 

Wed 12/18/24 **

Sun 12/8/24

Sat 12/21/24

Fri 12/27/24

 

Thu 1/2/25 **

Sun 12/22/24

Sat 1/4/25

Fri 1/10/25

 

Thu 1/16/25

Sun 1/5/25

Sat 1/18/25

Fri 1/24/25

 

Thu 1/30/25

Sun 1/19/25

Sat 2/1/25

Fri 2/7/25

 

Thu 2/13/25

Sun 2/2/25

Sat 2/15/25

Fri 2/21/25

 

Thu 2/27/25

Sun 2/16/25

Sat 3/1/25

Fri 3/7/25

 

Thu 3/13/25

Sun 3/2/25

Sat 3/15/25

Fri 3/21/25

 

Thu 3/27/25

Sun 3/16/25

Sat 3/29/25

Fri 4/4/25

 

Thu 4/10/25

Sun 3/30/25

Sat 4/12/25

Fri 4/18/25

 

Thu 4/24/25

Sun 4/13/25

Sat 4/26/25

Fri 5/2/25

 

Thu 5/8/25

Sun 4/27/25

Sat 5/10/25

Fri 5/16/25

 

Thu 5/22/25

Sun 5/11/25

Sat 5/24/25

Fri 5/30/25

 

Thu 6/5/25

Sun 5/25/25

Sat 6/7/25

Fri 6/13/25

 

Thu 6/19/25

Sun 6/8/25

Sat 6/21/25

Fri 6/27/25

 

Thu 7/3/25

Sun 6/22/25

Sat 7/5/25

Fri 7/11/25

 

Thu 7/17/25

Sun 7/6/25

Sat 7/19/25

Fri 7/25/25

 

Thu 7/31/25

Sun 7/20/25

Sat 8/2/25

Fri 8/8/25

 

Thu 8/14/25

Sun 8/3/25

Sat 8/16/25

Fri 8/22/25

 

Thu 8/28/25

Sun 8/17/25

Sat 8/30/25

Fri 9/5/25

 

Thu 9/11/25

Sun 8/31/25

Sat 9/13/25

Fri 9/19/25

 

Thu 9/25/25

Sun 9/14/25

Sat 9/27/25

Fri 10/3/25

 

Thu 10/9/25

Sun 9/28/25

Sat 10/11/25

Fri 10/17/25

 

Thu 10/23/25

Sun 10/12/25

Sat 10/25/25

Fri 10/31/25

 

Thu 11/6/25

Sun 10/26/25

Sat 11/8/25

Fri 11/14/25

 

Thu 11/20/25

Sun 11/9/25

Sat 11/22/25

Fri 11/28/25

 

Thu 12/4/25

Sun 11/23/25

Sat 12/6/25

Fri 12/12/25

 

Thu 12/18/25

Sun 12/7/25

Sat 12/20/25

Fri 12/26/25

 

Thu 1/1/26

Sun 12/21/25

Sat 1/3/26

Fri 1/9/26

 

Thu 1/15/26

Sun 1/4/26

Sat 1/17/26

Fri 1/23/26

 

Thu 1/29/26

Sun 1/18/26

Sat 1/31/26

Fri 2/6/26

 

Thu 2/12/26

Sun 2/1/26

Sat 2/14/26

Fri 2/20/26

 

Thu 2/26/26

Sun 2/15/26

Sat 2/28/26

Fri 3/6/26

 

Thu 3/12/26

Sun 3/1/26

Sat 3/14/26

Fri 3/20/26

 

Thu 3/26/26

Sun 3/15/26

Sat 3/28/26

Fri 4/3/26

 

Thu 4/9/26

Sun 3/29/26

Sat 4/11/26

Fri 4/17/26

 

Thu 4/23/26

Sun 4/12/26

Sat 4/25/26

Fri 5/1/26

 

Thu 5/7/26

Sun 4/26/26

Sat 5/9/26

Fri 5/15/26

 

Thu 5/21/26

Sun 5/10/26

Sat 5/23/26

Fri 5/29/26

 

Thu 6/4/26

Sun 5/24/26

Sat 6/6/26

Fri 6/12/26

 

Thu 6/18/26

Sun 6/7/26

Sat 6/20/26

Fri 6/26/26

 

Thu 7/2/26

Sun 6/21/26

Sat 7/4/26

Fri 7/10/26

 

Thu 7/16/26

Sun 7/5/26

Sat 7/18/26

Fri 7/24/26

 

Thu 7/30/26

Sun 7/19/26

Sat 8/1/26

Fri 8/7/26

								

 

Thanks,

Rita

 

Rita Shorts

Business Administrator 

The Block Museum of Art <https://www.blockmuseum.northwestern.edu/> 

Northwestern University

40 Arts Circle Drive, Room 217

Evanston, Illinois 60208

d-shorts@northwestern.edu <mailto:d-shorts@northwestern.edu> 

847.491.4002 <tel:847-491-4002> 

Working Partially Remote

 

 

","Block Museum of Art (40 Arts Circle Dr, Evanston, IL)",,"Normal","False","Normal","1"
"AUTOMATED WFS (Workforce Software) TIME ENTRY REMINDER","2/5/2026","9:00:00 AM","2/5/2026","9:05:00 AM","False","True","2/5/2026","8:45:00 AM",,"Rita Shorts;Rocio Olasimbo;Ben Creech;Marisa Cruz Branco;Malia Adele Haines-Stewart;Isabella Ko;Robert Bradley Martin;Essi Ronkko;Vincent L Taylor;James G Stauber;James Francis Baroz;Ethan Thomas Bledsoe;Vincent Diaz Bonacquisti;Keya Soni Chaudhuri;Alexander David Crowell;Steph-Ann Laurena Dejean;Bazil Thomas Frueh;Camille Ann Mai Gerville-Reache;Bela Gomes Castilho;Samanta Afify Habashy;KaylinHarris2026@u.northwestern.edu;Vy Truc Ho;Esau McGhee;Kaitlyn Grace James;Kara Cobb Johnson;Hyouji Joo;Ashley Kim;Hannah Kim;Tristen Ives;Isaac Porter Lageschulte;Faith Magiera;Cassandra Meek;Victoria Isabel Feria Montinola;Aniyah Patterson;Vanya Saksena;Emily Shen;Warren G Smith;Christine Marie Wallers;Tyree Lynise Walton;Kenneth L Watson;Esau Torrell McGhee;Paul William O'Connor;Da Mi Kim;Malik Julius Middleton;Llewyn Blossfeld;renatocardoso2026@u.northwestern.edu;Leila Murray;Lily S Shen;Aranza Noriega Blondet;Laurel Ada Anderson;Alexa Murphy;Priyal Rajnish Khanuja;Muyang Chen;Aja Jenai Frazier;Harin Jeong;Darasimi Deborah Bankole;Hana Angelina Javed;Symone Harris;Alexander Eick;Mya Raine Sewell;Maria DiBello;Melanie Medina;annabellesweet2027@u.northwestern.edu","Kristina Marie Bottomley;Aaron L Chatman;Chris Forrester;Corinne D Granof (c-granof@northwestern.edu);Michael Streicher Metzger;Erin Lynn Northington;Jeffery Smith",,,,"All timesheets must be submitted. It is very important that your hours are entered and submitted on or before the dates below. Please account for all your time before you submit. 

 

***** Supervisor…You are copied here. Please ensure that your employees have entered their hours. Unscheduled check costs $100 ***** Please See Jeff

 

It is your responsibility to ensure that your direct deposit is up to date. 

 

Access myHR <https://myhr.northwestern.edu/>  with your NetID and Password                                                                                                                                                                                 

a) Set up Direct Deposit (to receive your paychecks) 

*        myHR > Pay > My Direct Deposit 

b) Enter your Federal Form W-4 

*        myHR > Pay > W-4 Tax Information

 

WFS Timekeeping & Webmail

*	Please use your NetID and Password to ensure you are able access WFS <https://urldefense.com/v3/__https:/nwuni.wta-us8.wfs.cloud/workforce/SSO.do__;!!Dq0X2DkFhyF93HkjWTBQKhk!W7QH1PAkJd6wK1EovFGLXfcLknl37klwJSocfzToHFZIUhl6Nx_QEIXEvpMDsm0h0U8eILN9RRsSicRfWFrKSmjkwkSJPhl7YrD3qb8bXQ$> . Let me know if you need training or a refresher. 

 

*	Workforce Software Login - Job Aid <https://www.northwestern.edu/hr/documents/calendar-groups.pdf>   
*	Job Aids - How To - WFS Workforce Software <https://www.northwestern.edu/hr/essentials/hr-systems/timekeeping/instructions.html> 
*	Workforce Software Aid & Quicksteps <https://www.northwestern.edu/hr/documents/time-entry---workforce-software.pdf> . How to access the timesheet, and correct timesheet for multiple jobs/assignments.

Please ensure you can access your university Webmail <https://www.northwestern.edu/webmail/> . 

 

Attached: FY25 Biweekly Pay and Cutoff Dates

 

NU Holiday’s Observance – 2025 <https://www.northwestern.edu/hr/benefits/leaves-holidays/university-scheduled-holidays.html> 

 

Timekeeping Requirements

  Hours Due
   by 4:00 pm

FY PAY PERIODS
Begins         Ends 

Pay Dates

 

 

Thu 8/29/24

Sun 8/18/24

Sat 8/31/24

Fri 9/6/24

 

Thu 9/12/24

Sun 9/1/24

Sat 9/14/24

Fri 9/20/24

 

Thu 9/26/24

Sun 9/15/24

Sat 9/28/24

Fri 10/4/24

 

Thu 10/10/24

Sun 9/29/24

Sat 10/12/24

Fri 10/18/24

 

Thu 10/24/24

Sun 10/13/24

Sat 10/26/24

Fri 11/1/24

 

Thu 11/7/24

Sun 10/27/24

Sat 11/9/24

Fri 11/15/24

 

Tue 11/19/24 **

Sun 11/10/24

Sat 11/23/24

Fri 11/27/24

 

Thu 12/5/24

Sun 11/24/24

Sat 12/7/24

Fri 12/13/24

 

Wed 12/18/24 **

Sun 12/8/24

Sat 12/21/24

Fri 12/27/24

 

Thu 1/2/25 **

Sun 12/22/24

Sat 1/4/25

Fri 1/10/25

 

Thu 1/16/25

Sun 1/5/25

Sat 1/18/25

Fri 1/24/25

 

Thu 1/30/25

Sun 1/19/25

Sat 2/1/25

Fri 2/7/25

 

Thu 2/13/25

Sun 2/2/25

Sat 2/15/25

Fri 2/21/25

 

Thu 2/27/25

Sun 2/16/25

Sat 3/1/25

Fri 3/7/25

 

Thu 3/13/25

Sun 3/2/25

Sat 3/15/25

Fri 3/21/25

 

Thu 3/27/25

Sun 3/16/25

Sat 3/29/25

Fri 4/4/25

 

Thu 4/10/25

Sun 3/30/25

Sat 4/12/25

Fri 4/18/25

 

Thu 4/24/25

Sun 4/13/25

Sat 4/26/25

Fri 5/2/25

 

Thu 5/8/25

Sun 4/27/25

Sat 5/10/25

Fri 5/16/25

 

Thu 5/22/25

Sun 5/11/25

Sat 5/24/25

Fri 5/30/25

 

Thu 6/5/25

Sun 5/25/25

Sat 6/7/25

Fri 6/13/25

 

Thu 6/19/25

Sun 6/8/25

Sat 6/21/25

Fri 6/27/25

 

Thu 7/3/25

Sun 6/22/25

Sat 7/5/25

Fri 7/11/25

 

Thu 7/17/25

Sun 7/6/25

Sat 7/19/25

Fri 7/25/25

 

Thu 7/31/25

Sun 7/20/25

Sat 8/2/25

Fri 8/8/25

 

Thu 8/14/25

Sun 8/3/25

Sat 8/16/25

Fri 8/22/25

 

Thu 8/28/25

Sun 8/17/25

Sat 8/30/25

Fri 9/5/25

 

Thu 9/11/25

Sun 8/31/25

Sat 9/13/25

Fri 9/19/25

 

Thu 9/25/25

Sun 9/14/25

Sat 9/27/25

Fri 10/3/25

 

Thu 10/9/25

Sun 9/28/25

Sat 10/11/25

Fri 10/17/25

 

Thu 10/23/25

Sun 10/12/25

Sat 10/25/25

Fri 10/31/25

 

Thu 11/6/25

Sun 10/26/25

Sat 11/8/25

Fri 11/14/25

 

Thu 11/20/25

Sun 11/9/25

Sat 11/22/25

Fri 11/28/25

 

Thu 12/4/25

Sun 11/23/25

Sat 12/6/25

Fri 12/12/25

 

Thu 12/18/25

Sun 12/7/25

Sat 12/20/25

Fri 12/26/25

 

Thu 1/1/26

Sun 12/21/25

Sat 1/3/26

Fri 1/9/26

 

Thu 1/15/26

Sun 1/4/26

Sat 1/17/26

Fri 1/23/26

 

Thu 1/29/26

Sun 1/18/26

Sat 1/31/26

Fri 2/6/26

 

Thu 2/12/26

Sun 2/1/26

Sat 2/14/26

Fri 2/20/26

 

Thu 2/26/26

Sun 2/15/26

Sat 2/28/26

Fri 3/6/26

 

Thu 3/12/26

Sun 3/1/26

Sat 3/14/26

Fri 3/20/26

 

Thu 3/26/26

Sun 3/15/26

Sat 3/28/26

Fri 4/3/26

 

Thu 4/9/26

Sun 3/29/26

Sat 4/11/26

Fri 4/17/26

 

Thu 4/23/26

Sun 4/12/26

Sat 4/25/26

Fri 5/1/26

 

Thu 5/7/26

Sun 4/26/26

Sat 5/9/26

Fri 5/15/26

 

Thu 5/21/26

Sun 5/10/26

Sat 5/23/26

Fri 5/29/26

 

Thu 6/4/26

Sun 5/24/26

Sat 6/6/26

Fri 6/12/26

 

Thu 6/18/26

Sun 6/7/26

Sat 6/20/26

Fri 6/26/26

 

Thu 7/2/26

Sun 6/21/26

Sat 7/4/26

Fri 7/10/26

 

Thu 7/16/26

Sun 7/5/26

Sat 7/18/26

Fri 7/24/26

 

Thu 7/30/26

Sun 7/19/26

Sat 8/1/26

Fri 8/7/26

								

 

Thanks,

Rita

 

Rita Shorts

Business Administrator 

The Block Museum of Art <https://www.blockmuseum.northwestern.edu/> 

Northwestern University

40 Arts Circle Drive, Room 217

Evanston, Illinois 60208

d-shorts@northwestern.edu <mailto:d-shorts@northwestern.edu> 

847.491.4002 <tel:847-491-4002> 

Working Partially Remote

 

 

","Block Museum of Art (40 Arts Circle Dr, Evanston, IL)",,"Normal","False","Normal","1"
"AUTOMATED WFS (Workforce Software) TIME ENTRY REMINDER","2/9/2026","9:00:00 AM","2/9/2026","9:05:00 AM","False","True","2/9/2026","8:45:00 AM",,"Rita Shorts;Rocio Olasimbo;Ben Creech;Marisa Cruz Branco;Malia Adele Haines-Stewart;Isabella Ko;Robert Bradley Martin;Essi Ronkko;Vincent L Taylor;James G Stauber;James Francis Baroz;Ethan Thomas Bledsoe;Vincent Diaz Bonacquisti;Keya Soni Chaudhuri;Alexander David Crowell;Steph-Ann Laurena Dejean;Bazil Thomas Frueh;Camille Ann Mai Gerville-Reache;Bela Gomes Castilho;Samanta Afify Habashy;KaylinHarris2026@u.northwestern.edu;Vy Truc Ho;Esau McGhee;Kaitlyn Grace James;Kara Cobb Johnson;Hyouji Joo;Ashley Kim;Hannah Kim;Tristen Ives;Isaac Porter Lageschulte;Faith Magiera;Cassandra Meek;Victoria Isabel Feria Montinola;Aniyah Patterson;Vanya Saksena;Emily Shen;Warren G Smith;Christine Marie Wallers;Tyree Lynise Walton;Kenneth L Watson;Esau Torrell McGhee;Paul William O'Connor;Da Mi Kim;Malik Julius Middleton;Llewyn Blossfeld;renatocardoso2026@u.northwestern.edu;Leila Murray;Lily S Shen;Aranza Noriega Blondet;Laurel Ada Anderson;Alexa Murphy;Priyal Rajnish Khanuja;Muyang Chen;Aja Jenai Frazier;Harin Jeong;Darasimi Deborah Bankole;Hana Angelina Javed;Symone Harris;Alexander Eick;Mya Raine Sewell;Maria DiBello;Melanie Medina;annabellesweet2027@u.northwestern.edu","Kristina Marie Bottomley;Aaron L Chatman;Chris Forrester;Corinne D Granof (c-granof@northwestern.edu);Michael Streicher Metzger;Erin Lynn Northington;Jeffery Smith",,,,"All timesheets must be submitted. It is very important that your hours are entered and submitted on or before the dates below. Please account for all your time before you submit. 

 

***** Supervisor…You are copied here. Please ensure that your employees have entered their hours. Unscheduled check costs $100 ***** Please See Jeff

 

It is your responsibility to ensure that your direct deposit is up to date. 

 

Access myHR <https://myhr.northwestern.edu/>  with your NetID and Password                                                                                                                                                                                 

a) Set up Direct Deposit (to receive your paychecks) 

*        myHR > Pay > My Direct Deposit 

b) Enter your Federal Form W-4 

*        myHR > Pay > W-4 Tax Information

 

WFS Timekeeping & Webmail

*	Please use your NetID and Password to ensure you are able access WFS <https://urldefense.com/v3/__https:/nwuni.wta-us8.wfs.cloud/workforce/SSO.do__;!!Dq0X2DkFhyF93HkjWTBQKhk!W7QH1PAkJd6wK1EovFGLXfcLknl37klwJSocfzToHFZIUhl6Nx_QEIXEvpMDsm0h0U8eILN9RRsSicRfWFrKSmjkwkSJPhl7YrD3qb8bXQ$> . Let me know if you need training or a refresher. 

 

*	Workforce Software Login - Job Aid <https://www.northwestern.edu/hr/documents/calendar-groups.pdf>   
*	Job Aids - How To - WFS Workforce Software <https://www.northwestern.edu/hr/essentials/hr-systems/timekeeping/instructions.html> 
*	Workforce Software Aid & Quicksteps <https://www.northwestern.edu/hr/documents/time-entry---workforce-software.pdf> . How to access the timesheet, and correct timesheet for multiple jobs/assignments.

Please ensure you can access your university Webmail <https://www.northwestern.edu/webmail/> . 

 

Attached: FY25 Biweekly Pay and Cutoff Dates

 

NU Holiday’s Observance – 2025 <https://www.northwestern.edu/hr/benefits/leaves-holidays/university-scheduled-holidays.html> 

 

Timekeeping Requirements

  Hours Due
   by 4:00 pm

FY PAY PERIODS
Begins         Ends 

Pay Dates

 

 

Thu 8/29/24

Sun 8/18/24

Sat 8/31/24

Fri 9/6/24

 

Thu 9/12/24

Sun 9/1/24

Sat 9/14/24

Fri 9/20/24

 

Thu 9/26/24

Sun 9/15/24

Sat 9/28/24

Fri 10/4/24

 

Thu 10/10/24

Sun 9/29/24

Sat 10/12/24

Fri 10/18/24

 

Thu 10/24/24

Sun 10/13/24

Sat 10/26/24

Fri 11/1/24

 

Thu 11/7/24

Sun 10/27/24

Sat 11/9/24

Fri 11/15/24

 

Tue 11/19/24 **

Sun 11/10/24

Sat 11/23/24

Fri 11/27/24

 

Thu 12/5/24

Sun 11/24/24

Sat 12/7/24

Fri 12/13/24

 

Wed 12/18/24 **

Sun 12/8/24

Sat 12/21/24

Fri 12/27/24

 

Thu 1/2/25 **

Sun 12/22/24

Sat 1/4/25

Fri 1/10/25

 

Thu 1/16/25

Sun 1/5/25

Sat 1/18/25

Fri 1/24/25

 

Thu 1/30/25

Sun 1/19/25

Sat 2/1/25

Fri 2/7/25

 

Thu 2/13/25

Sun 2/2/25

Sat 2/15/25

Fri 2/21/25

 

Thu 2/27/25

Sun 2/16/25

Sat 3/1/25

Fri 3/7/25

 

Thu 3/13/25

Sun 3/2/25

Sat 3/15/25

Fri 3/21/25

 

Thu 3/27/25

Sun 3/16/25

Sat 3/29/25

Fri 4/4/25

 

Thu 4/10/25

Sun 3/30/25

Sat 4/12/25

Fri 4/18/25

 

Thu 4/24/25

Sun 4/13/25

Sat 4/26/25

Fri 5/2/25

 

Thu 5/8/25

Sun 4/27/25

Sat 5/10/25

Fri 5/16/25

 

Thu 5/22/25

Sun 5/11/25

Sat 5/24/25

Fri 5/30/25

 

Thu 6/5/25

Sun 5/25/25

Sat 6/7/25

Fri 6/13/25

 

Thu 6/19/25

Sun 6/8/25

Sat 6/21/25

Fri 6/27/25

 

Thu 7/3/25

Sun 6/22/25

Sat 7/5/25

Fri 7/11/25

 

Thu 7/17/25

Sun 7/6/25

Sat 7/19/25

Fri 7/25/25

 

Thu 7/31/25

Sun 7/20/25

Sat 8/2/25

Fri 8/8/25

 

Thu 8/14/25

Sun 8/3/25

Sat 8/16/25

Fri 8/22/25

 

Thu 8/28/25

Sun 8/17/25

Sat 8/30/25

Fri 9/5/25

 

Thu 9/11/25

Sun 8/31/25

Sat 9/13/25

Fri 9/19/25

 

Thu 9/25/25

Sun 9/14/25

Sat 9/27/25

Fri 10/3/25

 

Thu 10/9/25

Sun 9/28/25

Sat 10/11/25

Fri 10/17/25

 

Thu 10/23/25

Sun 10/12/25

Sat 10/25/25

Fri 10/31/25

 

Thu 11/6/25

Sun 10/26/25

Sat 11/8/25

Fri 11/14/25

 

Thu 11/20/25

Sun 11/9/25

Sat 11/22/25

Fri 11/28/25

 

Thu 12/4/25

Sun 11/23/25

Sat 12/6/25

Fri 12/12/25

 

Thu 12/18/25

Sun 12/7/25

Sat 12/20/25

Fri 12/26/25

 

Thu 1/1/26

Sun 12/21/25

Sat 1/3/26

Fri 1/9/26

 

Thu 1/15/26

Sun 1/4/26

Sat 1/17/26

Fri 1/23/26

 

Thu 1/29/26

Sun 1/18/26

Sat 1/31/26

Fri 2/6/26

 

Thu 2/12/26

Sun 2/1/26

Sat 2/14/26

Fri 2/20/26

 

Thu 2/26/26

Sun 2/15/26

Sat 2/28/26

Fri 3/6/26

 

Thu 3/12/26

Sun 3/1/26

Sat 3/14/26

Fri 3/20/26

 

Thu 3/26/26

Sun 3/15/26

Sat 3/28/26

Fri 4/3/26

 

Thu 4/9/26

Sun 3/29/26

Sat 4/11/26

Fri 4/17/26

 

Thu 4/23/26

Sun 4/12/26

Sat 4/25/26

Fri 5/1/26

 

Thu 5/7/26

Sun 4/26/26

Sat 5/9/26

Fri 5/15/26

 

Thu 5/21/26

Sun 5/10/26

Sat 5/23/26

Fri 5/29/26

 

Thu 6/4/26

Sun 5/24/26

Sat 6/6/26

Fri 6/12/26

 

Thu 6/18/26

Sun 6/7/26

Sat 6/20/26

Fri 6/26/26

 

Thu 7/2/26

Sun 6/21/26

Sat 7/4/26

Fri 7/10/26

 

Thu 7/16/26

Sun 7/5/26

Sat 7/18/26

Fri 7/24/26

 

Thu 7/30/26

Sun 7/19/26

Sat 8/1/26

Fri 8/7/26

								

 

Thanks,

Rita

 

Rita Shorts

Business Administrator 

The Block Museum of Art <https://www.blockmuseum.northwestern.edu/> 

Northwestern University

40 Arts Circle Drive, Room 217

Evanston, Illinois 60208

d-shorts@northwestern.edu <mailto:d-shorts@northwestern.edu> 

847.491.4002 <tel:847-491-4002> 

Working Partially Remote

 

 

","Block Museum of Art (40 Arts Circle Dr, Evanston, IL)",,"Normal","False","Normal","1"
"AUTOMATED WFS (Workforce Software) TIME ENTRY REMINDER","2/11/2026","9:00:00 AM","2/11/2026","9:05:00 AM","False","True","2/11/2026","8:45:00 AM",,"Rita Shorts;Rocio Olasimbo;Ben Creech;Marisa Cruz Branco;Malia Adele Haines-Stewart;Isabella Ko;Robert Bradley Martin;Essi Ronkko;Vincent L Taylor;James G Stauber;James Francis Baroz;Ethan Thomas Bledsoe;Vincent Diaz Bonacquisti;Keya Soni Chaudhuri;Alexander David Crowell;Steph-Ann Laurena Dejean;Bazil Thomas Frueh;Camille Ann Mai Gerville-Reache;Bela Gomes Castilho;Samanta Afify Habashy;KaylinHarris2026@u.northwestern.edu;Vy Truc Ho;Esau McGhee;Kaitlyn Grace James;Kara Cobb Johnson;Hyouji Joo;Ashley Kim;Hannah Kim;Tristen Ives;Isaac Porter Lageschulte;Faith Magiera;Cassandra Meek;Victoria Isabel Feria Montinola;Aniyah Patterson;Vanya Saksena;Emily Shen;Warren G Smith;Christine Marie Wallers;Tyree Lynise Walton;Kenneth L Watson;Esau Torrell McGhee;Paul William O'Connor;Da Mi Kim;Malik Julius Middleton;Llewyn Blossfeld;renatocardoso2026@u.northwestern.edu;Leila Murray;Lily S Shen;Aranza Noriega Blondet;Laurel Ada Anderson;Alexa Murphy;Priyal Rajnish Khanuja;Muyang Chen;Aja Jenai Frazier;Harin Jeong;Darasimi Deborah Bankole;Hana Angelina Javed;Symone Harris;Alexander Eick;Mya Raine Sewell;Maria DiBello;Melanie Medina;annabellesweet2027@u.northwestern.edu","Kristina Marie Bottomley;Aaron L Chatman;Chris Forrester;Corinne D Granof (c-granof@northwestern.edu);Michael Streicher Metzger;Erin Lynn Northington;Jeffery Smith",,,,"All timesheets must be submitted. It is very important that your hours are entered and submitted on or before the dates below. Please account for all your time before you submit. 

 

***** Supervisor…You are copied here. Please ensure that your employees have entered their hours. Unscheduled check costs $100 ***** Please See Jeff

 

It is your responsibility to ensure that your direct deposit is up to date. 

 

Access myHR <https://myhr.northwestern.edu/>  with your NetID and Password                                                                                                                                                                                 

a) Set up Direct Deposit (to receive your paychecks) 

*        myHR > Pay > My Direct Deposit 

b) Enter your Federal Form W-4 

*        myHR > Pay > W-4 Tax Information

 

WFS Timekeeping & Webmail

*	Please use your NetID and Password to ensure you are able access WFS <https://urldefense.com/v3/__https:/nwuni.wta-us8.wfs.cloud/workforce/SSO.do__;!!Dq0X2DkFhyF93HkjWTBQKhk!W7QH1PAkJd6wK1EovFGLXfcLknl37klwJSocfzToHFZIUhl6Nx_QEIXEvpMDsm0h0U8eILN9RRsSicRfWFrKSmjkwkSJPhl7YrD3qb8bXQ$> . Let me know if you need training or a refresher. 

 

*	Workforce Software Login - Job Aid <https://www.northwestern.edu/hr/documents/calendar-groups.pdf>   
*	Job Aids - How To - WFS Workforce Software <https://www.northwestern.edu/hr/essentials/hr-systems/timekeeping/instructions.html> 
*	Workforce Software Aid & Quicksteps <https://www.northwestern.edu/hr/documents/time-entry---workforce-software.pdf> . How to access the timesheet, and correct timesheet for multiple jobs/assignments.

Please ensure you can access your university Webmail <https://www.northwestern.edu/webmail/> . 

 

Attached: FY25 Biweekly Pay and Cutoff Dates

 

NU Holiday’s Observance – 2025 <https://www.northwestern.edu/hr/benefits/leaves-holidays/university-scheduled-holidays.html> 

 

Timekeeping Requirements

  Hours Due
   by 4:00 pm

FY PAY PERIODS
Begins         Ends 

Pay Dates

 

 

Thu 8/29/24

Sun 8/18/24

Sat 8/31/24

Fri 9/6/24

 

Thu 9/12/24

Sun 9/1/24

Sat 9/14/24

Fri 9/20/24

 

Thu 9/26/24

Sun 9/15/24

Sat 9/28/24

Fri 10/4/24

 

Thu 10/10/24

Sun 9/29/24

Sat 10/12/24

Fri 10/18/24

 

Thu 10/24/24

Sun 10/13/24

Sat 10/26/24

Fri 11/1/24

 

Thu 11/7/24

Sun 10/27/24

Sat 11/9/24

Fri 11/15/24

 

Tue 11/19/24 **

Sun 11/10/24

Sat 11/23/24

Fri 11/27/24

 

Thu 12/5/24

Sun 11/24/24

Sat 12/7/24

Fri 12/13/24

 

Wed 12/18/24 **

Sun 12/8/24

Sat 12/21/24

Fri 12/27/24

 

Thu 1/2/25 **

Sun 12/22/24

Sat 1/4/25

Fri 1/10/25

 

Thu 1/16/25

Sun 1/5/25

Sat 1/18/25

Fri 1/24/25

 

Thu 1/30/25

Sun 1/19/25

Sat 2/1/25

Fri 2/7/25

 

Thu 2/13/25

Sun 2/2/25

Sat 2/15/25

Fri 2/21/25

 

Thu 2/27/25

Sun 2/16/25

Sat 3/1/25

Fri 3/7/25

 

Thu 3/13/25

Sun 3/2/25

Sat 3/15/25

Fri 3/21/25

 

Thu 3/27/25

Sun 3/16/25

Sat 3/29/25

Fri 4/4/25

 

Thu 4/10/25

Sun 3/30/25

Sat 4/12/25

Fri 4/18/25

 

Thu 4/24/25

Sun 4/13/25

Sat 4/26/25

Fri 5/2/25

 

Thu 5/8/25

Sun 4/27/25

Sat 5/10/25

Fri 5/16/25

 

Thu 5/22/25

Sun 5/11/25

Sat 5/24/25

Fri 5/30/25

 

Thu 6/5/25

Sun 5/25/25

Sat 6/7/25

Fri 6/13/25

 

Thu 6/19/25

Sun 6/8/25

Sat 6/21/25

Fri 6/27/25

 

Thu 7/3/25

Sun 6/22/25

Sat 7/5/25

Fri 7/11/25

 

Thu 7/17/25

Sun 7/6/25

Sat 7/19/25

Fri 7/25/25

 

Thu 7/31/25

Sun 7/20/25

Sat 8/2/25

Fri 8/8/25

 

Thu 8/14/25

Sun 8/3/25

Sat 8/16/25

Fri 8/22/25

 

Thu 8/28/25

Sun 8/17/25

Sat 8/30/25

Fri 9/5/25

 

Thu 9/11/25

Sun 8/31/25

Sat 9/13/25

Fri 9/19/25

 

Thu 9/25/25

Sun 9/14/25

Sat 9/27/25

Fri 10/3/25

 

Thu 10/9/25

Sun 9/28/25

Sat 10/11/25

Fri 10/17/25

 

Thu 10/23/25

Sun 10/12/25

Sat 10/25/25

Fri 10/31/25

 

Thu 11/6/25

Sun 10/26/25

Sat 11/8/25

Fri 11/14/25

 

Thu 11/20/25

Sun 11/9/25

Sat 11/22/25

Fri 11/28/25

 

Thu 12/4/25

Sun 11/23/25

Sat 12/6/25

Fri 12/12/25

 

Thu 12/18/25

Sun 12/7/25

Sat 12/20/25

Fri 12/26/25

 

Thu 1/1/26

Sun 12/21/25

Sat 1/3/26

Fri 1/9/26

 

Thu 1/15/26

Sun 1/4/26

Sat 1/17/26

Fri 1/23/26

 

Thu 1/29/26

Sun 1/18/26

Sat 1/31/26

Fri 2/6/26

 

Thu 2/12/26

Sun 2/1/26

Sat 2/14/26

Fri 2/20/26

 

Thu 2/26/26

Sun 2/15/26

Sat 2/28/26

Fri 3/6/26

 

Thu 3/12/26

Sun 3/1/26

Sat 3/14/26

Fri 3/20/26

 

Thu 3/26/26

Sun 3/15/26

Sat 3/28/26

Fri 4/3/26

 

Thu 4/9/26

Sun 3/29/26

Sat 4/11/26

Fri 4/17/26

 

Thu 4/23/26

Sun 4/12/26

Sat 4/25/26

Fri 5/1/26

 

Thu 5/7/26

Sun 4/26/26

Sat 5/9/26

Fri 5/15/26

 

Thu 5/21/26

Sun 5/10/26

Sat 5/23/26

Fri 5/29/26

 

Thu 6/4/26

Sun 5/24/26

Sat 6/6/26

Fri 6/12/26

 

Thu 6/18/26

Sun 6/7/26

Sat 6/20/26

Fri 6/26/26

 

Thu 7/2/26

Sun 6/21/26

Sat 7/4/26

Fri 7/10/26

 

Thu 7/16/26

Sun 7/5/26

Sat 7/18/26

Fri 7/24/26

 

Thu 7/30/26

Sun 7/19/26

Sat 8/1/26

Fri 8/7/26

								

 

Thanks,

Rita

 

Rita Shorts

Business Administrator 

The Block Museum of Art <https://www.blockmuseum.northwestern.edu/> 

Northwestern University

40 Arts Circle Drive, Room 217

Evanston, Illinois 60208

d-shorts@northwestern.edu <mailto:d-shorts@northwestern.edu> 

847.491.4002 <tel:847-491-4002> 

Working Partially Remote

 

 

","Block Museum of Art (40 Arts Circle Dr, Evanston, IL)",,"Normal","False","Normal","1"
"AUTOMATED WFS (Workforce Software) TIME ENTRY REMINDER","2/12/2026","9:00:00 AM","2/12/2026","9:05:00 AM","False","True","2/12/2026","8:45:00 AM",,"Rita Shorts;Rocio Olasimbo;Ben Creech;Marisa Cruz Branco;Malia Adele Haines-Stewart;Isabella Ko;Robert Bradley Martin;Essi Ronkko;Vincent L Taylor;James G Stauber;James Francis Baroz;Ethan Thomas Bledsoe;Vincent Diaz Bonacquisti;Keya Soni Chaudhuri;Alexander David Crowell;Steph-Ann Laurena Dejean;Bazil Thomas Frueh;Camille Ann Mai Gerville-Reache;Bela Gomes Castilho;Samanta Afify Habashy;KaylinHarris2026@u.northwestern.edu;Vy Truc Ho;Esau McGhee;Kaitlyn Grace James;Kara Cobb Johnson;Hyouji Joo;Ashley Kim;Hannah Kim;Tristen Ives;Isaac Porter Lageschulte;Faith Magiera;Cassandra Meek;Victoria Isabel Feria Montinola;Aniyah Patterson;Vanya Saksena;Emily Shen;Warren G Smith;Christine Marie Wallers;Tyree Lynise Walton;Kenneth L Watson;Esau Torrell McGhee;Paul William O'Connor;Da Mi Kim;Malik Julius Middleton;Llewyn Blossfeld;renatocardoso2026@u.northwestern.edu;Leila Murray;Lily S Shen;Aranza Noriega Blondet;Laurel Ada Anderson;Alexa Murphy;Priyal Rajnish Khanuja;Muyang Chen;Aja Jenai Frazier;Harin Jeong;Darasimi Deborah Bankole;Hana Angelina Javed;Symone Harris;Alexander Eick;Mya Raine Sewell;Maria DiBello;Melanie Medina;annabellesweet2027@u.northwestern.edu","Kristina Marie Bottomley;Aaron L Chatman;Chris Forrester;Corinne D Granof (c-granof@northwestern.edu);Michael Streicher Metzger;Erin Lynn Northington;Jeffery Smith",,,,"All timesheets must be submitted. It is very important that your hours are entered and submitted on or before the dates below. Please account for all your time before you submit. 

 

***** Supervisor…You are copied here. Please ensure that your employees have entered their hours. Unscheduled check costs $100 ***** Please See Jeff

 

It is your responsibility to ensure that your direct deposit is up to date. 

 

Access myHR <https://myhr.northwestern.edu/>  with your NetID and Password                                                                                                                                                                                 

a) Set up Direct Deposit (to receive your paychecks) 

*        myHR > Pay > My Direct Deposit 

b) Enter your Federal Form W-4 

*        myHR > Pay > W-4 Tax Information

 

WFS Timekeeping & Webmail

*	Please use your NetID and Password to ensure you are able access WFS <https://urldefense.com/v3/__https:/nwuni.wta-us8.wfs.cloud/workforce/SSO.do__;!!Dq0X2DkFhyF93HkjWTBQKhk!W7QH1PAkJd6wK1EovFGLXfcLknl37klwJSocfzToHFZIUhl6Nx_QEIXEvpMDsm0h0U8eILN9RRsSicRfWFrKSmjkwkSJPhl7YrD3qb8bXQ$> . Let me know if you need training or a refresher. 

 

*	Workforce Software Login - Job Aid <https://www.northwestern.edu/hr/documents/calendar-groups.pdf>   
*	Job Aids - How To - WFS Workforce Software <https://www.northwestern.edu/hr/essentials/hr-systems/timekeeping/instructions.html> 
*	Workforce Software Aid & Quicksteps <https://www.northwestern.edu/hr/documents/time-entry---workforce-software.pdf> . How to access the timesheet, and correct timesheet for multiple jobs/assignments.

Please ensure you can access your university Webmail <https://www.northwestern.edu/webmail/> . 

 

Attached: FY25 Biweekly Pay and Cutoff Dates

 

NU Holiday’s Observance – 2025 <https://www.northwestern.edu/hr/benefits/leaves-holidays/university-scheduled-holidays.html> 

 

Timekeeping Requirements

  Hours Due
   by 4:00 pm

FY PAY PERIODS
Begins         Ends 

Pay Dates

 

 

Thu 8/29/24

Sun 8/18/24

Sat 8/31/24

Fri 9/6/24

 

Thu 9/12/24

Sun 9/1/24

Sat 9/14/24

Fri 9/20/24

 

Thu 9/26/24

Sun 9/15/24

Sat 9/28/24

Fri 10/4/24

 

Thu 10/10/24

Sun 9/29/24

Sat 10/12/24

Fri 10/18/24

 

Thu 10/24/24

Sun 10/13/24

Sat 10/26/24

Fri 11/1/24

 

Thu 11/7/24

Sun 10/27/24

Sat 11/9/24

Fri 11/15/24

 

Tue 11/19/24 **

Sun 11/10/24

Sat 11/23/24

Fri 11/27/24

 

Thu 12/5/24

Sun 11/24/24

Sat 12/7/24

Fri 12/13/24

 

Wed 12/18/24 **

Sun 12/8/24

Sat 12/21/24

Fri 12/27/24

 

Thu 1/2/25 **

Sun 12/22/24

Sat 1/4/25

Fri 1/10/25

 

Thu 1/16/25

Sun 1/5/25

Sat 1/18/25

Fri 1/24/25

 

Thu 1/30/25

Sun 1/19/25

Sat 2/1/25

Fri 2/7/25

 

Thu 2/13/25

Sun 2/2/25

Sat 2/15/25

Fri 2/21/25

 

Thu 2/27/25

Sun 2/16/25

Sat 3/1/25

Fri 3/7/25

 

Thu 3/13/25

Sun 3/2/25

Sat 3/15/25

Fri 3/21/25

 

Thu 3/27/25

Sun 3/16/25

Sat 3/29/25

Fri 4/4/25

 

Thu 4/10/25

Sun 3/30/25

Sat 4/12/25

Fri 4/18/25

 

Thu 4/24/25

Sun 4/13/25

Sat 4/26/25

Fri 5/2/25

 

Thu 5/8/25

Sun 4/27/25

Sat 5/10/25

Fri 5/16/25

 

Thu 5/22/25

Sun 5/11/25

Sat 5/24/25

Fri 5/30/25

 

Thu 6/5/25

Sun 5/25/25

Sat 6/7/25

Fri 6/13/25

 

Thu 6/19/25

Sun 6/8/25

Sat 6/21/25

Fri 6/27/25

 

Thu 7/3/25

Sun 6/22/25

Sat 7/5/25

Fri 7/11/25

 

Thu 7/17/25

Sun 7/6/25

Sat 7/19/25

Fri 7/25/25

 

Thu 7/31/25

Sun 7/20/25

Sat 8/2/25

Fri 8/8/25

 

Thu 8/14/25

Sun 8/3/25

Sat 8/16/25

Fri 8/22/25

 

Thu 8/28/25

Sun 8/17/25

Sat 8/30/25

Fri 9/5/25

 

Thu 9/11/25

Sun 8/31/25

Sat 9/13/25

Fri 9/19/25

 

Thu 9/25/25

Sun 9/14/25

Sat 9/27/25

Fri 10/3/25

 

Thu 10/9/25

Sun 9/28/25

Sat 10/11/25

Fri 10/17/25

 

Thu 10/23/25

Sun 10/12/25

Sat 10/25/25

Fri 10/31/25

 

Thu 11/6/25

Sun 10/26/25

Sat 11/8/25

Fri 11/14/25

 

Thu 11/20/25

Sun 11/9/25

Sat 11/22/25

Fri 11/28/25

 

Thu 12/4/25

Sun 11/23/25

Sat 12/6/25

Fri 12/12/25

 

Thu 12/18/25

Sun 12/7/25

Sat 12/20/25

Fri 12/26/25

 

Thu 1/1/26

Sun 12/21/25

Sat 1/3/26

Fri 1/9/26

 

Thu 1/15/26

Sun 1/4/26

Sat 1/17/26

Fri 1/23/26

 

Thu 1/29/26

Sun 1/18/26

Sat 1/31/26

Fri 2/6/26

 

Thu 2/12/26

Sun 2/1/26

Sat 2/14/26

Fri 2/20/26

 

Thu 2/26/26

Sun 2/15/26

Sat 2/28/26

Fri 3/6/26

 

Thu 3/12/26

Sun 3/1/26

Sat 3/14/26

Fri 3/20/26

 

Thu 3/26/26

Sun 3/15/26

Sat 3/28/26

Fri 4/3/26

 

Thu 4/9/26

Sun 3/29/26

Sat 4/11/26

Fri 4/17/26

 

Thu 4/23/26

Sun 4/12/26

Sat 4/25/26

Fri 5/1/26

 

Thu 5/7/26

Sun 4/26/26

Sat 5/9/26

Fri 5/15/26

 

Thu 5/21/26

Sun 5/10/26

Sat 5/23/26

Fri 5/29/26

 

Thu 6/4/26

Sun 5/24/26

Sat 6/6/26

Fri 6/12/26

 

Thu 6/18/26

Sun 6/7/26

Sat 6/20/26

Fri 6/26/26

 

Thu 7/2/26

Sun 6/21/26

Sat 7/4/26

Fri 7/10/26

 

Thu 7/16/26

Sun 7/5/26

Sat 7/18/26

Fri 7/24/26

 

Thu 7/30/26

Sun 7/19/26

Sat 8/1/26

Fri 8/7/26

								

 

Thanks,

Rita

 

Rita Shorts

Business Administrator 

The Block Museum of Art <https://www.blockmuseum.northwestern.edu/> 

Northwestern University

40 Arts Circle Drive, Room 217

Evanston, Illinois 60208

d-shorts@northwestern.edu <mailto:d-shorts@northwestern.edu> 

847.491.4002 <tel:847-491-4002> 

Working Partially Remote

 

 

","Block Museum of Art (40 Arts Circle Dr, Evanston, IL)",,"Normal","False","Normal","1"
"AUTOMATED WFS (Workforce Software) TIME ENTRY REMINDER","2/16/2026","9:00:00 AM","2/16/2026","9:05:00 AM","False","True","2/16/2026","8:45:00 AM",,"Rita Shorts;Rocio Olasimbo;Ben Creech;Marisa Cruz Branco;Malia Adele Haines-Stewart;Isabella Ko;Robert Bradley Martin;Essi Ronkko;Vincent L Taylor;James G Stauber;James Francis Baroz;Ethan Thomas Bledsoe;Vincent Diaz Bonacquisti;Keya Soni Chaudhuri;Alexander David Crowell;Steph-Ann Laurena Dejean;Bazil Thomas Frueh;Camille Ann Mai Gerville-Reache;Bela Gomes Castilho;Samanta Afify Habashy;KaylinHarris2026@u.northwestern.edu;Vy Truc Ho;Esau McGhee;Kaitlyn Grace James;Kara Cobb Johnson;Hyouji Joo;Ashley Kim;Hannah Kim;Tristen Ives;Isaac Porter Lageschulte;Faith Magiera;Cassandra Meek;Victoria Isabel Feria Montinola;Aniyah Patterson;Vanya Saksena;Emily Shen;Warren G Smith;Christine Marie Wallers;Tyree Lynise Walton;Kenneth L Watson;Esau Torrell McGhee;Paul William O'Connor;Da Mi Kim;Malik Julius Middleton;Llewyn Blossfeld;renatocardoso2026@u.northwestern.edu;Leila Murray;Lily S Shen;Aranza Noriega Blondet;Laurel Ada Anderson;Alexa Murphy;Priyal Rajnish Khanuja;Muyang Chen;Aja Jenai Frazier;Harin Jeong;Darasimi Deborah Bankole;Hana Angelina Javed;Symone Harris;Alexander Eick;Mya Raine Sewell;Maria DiBello;Melanie Medina;annabellesweet2027@u.northwestern.edu","Kristina Marie Bottomley;Aaron L Chatman;Chris Forrester;Corinne D Granof (c-granof@northwestern.edu);Michael Streicher Metzger;Erin Lynn Northington;Jeffery Smith",,,,"All timesheets must be submitted. It is very important that your hours are entered and submitted on or before the dates below. Please account for all your time before you submit. 

 

***** Supervisor…You are copied here. Please ensure that your employees have entered their hours. Unscheduled check costs $100 ***** Please See Jeff

 

It is your responsibility to ensure that your direct deposit is up to date. 

 

Access myHR <https://myhr.northwestern.edu/>  with your NetID and Password                                                                                                                                                                                 

a) Set up Direct Deposit (to receive your paychecks) 

*        myHR > Pay > My Direct Deposit 

b) Enter your Federal Form W-4 

*        myHR > Pay > W-4 Tax Information

 

WFS Timekeeping & Webmail

*	Please use your NetID and Password to ensure you are able access WFS <https://urldefense.com/v3/__https:/nwuni.wta-us8.wfs.cloud/workforce/SSO.do__;!!Dq0X2DkFhyF93HkjWTBQKhk!W7QH1PAkJd6wK1EovFGLXfcLknl37klwJSocfzToHFZIUhl6Nx_QEIXEvpMDsm0h0U8eILN9RRsSicRfWFrKSmjkwkSJPhl7YrD3qb8bXQ$> . Let me know if you need training or a refresher. 

 

*	Workforce Software Login - Job Aid <https://www.northwestern.edu/hr/documents/calendar-groups.pdf>   
*	Job Aids - How To - WFS Workforce Software <https://www.northwestern.edu/hr/essentials/hr-systems/timekeeping/instructions.html> 
*	Workforce Software Aid & Quicksteps <https://www.northwestern.edu/hr/documents/time-entry---workforce-software.pdf> . How to access the timesheet, and correct timesheet for multiple jobs/assignments.

Please ensure you can access your university Webmail <https://www.northwestern.edu/webmail/> . 

 

Attached: FY25 Biweekly Pay and Cutoff Dates

 

NU Holiday’s Observance – 2025 <https://www.northwestern.edu/hr/benefits/leaves-holidays/university-scheduled-holidays.html> 

 

Timekeeping Requirements

  Hours Due
   by 4:00 pm

FY PAY PERIODS
Begins         Ends 

Pay Dates

 

 

Thu 8/29/24

Sun 8/18/24

Sat 8/31/24

Fri 9/6/24

 

Thu 9/12/24

Sun 9/1/24

Sat 9/14/24

Fri 9/20/24

 

Thu 9/26/24

Sun 9/15/24

Sat 9/28/24

Fri 10/4/24

 

Thu 10/10/24

Sun 9/29/24

Sat 10/12/24

Fri 10/18/24

 

Thu 10/24/24

Sun 10/13/24

Sat 10/26/24

Fri 11/1/24

 

Thu 11/7/24

Sun 10/27/24

Sat 11/9/24

Fri 11/15/24

 

Tue 11/19/24 **

Sun 11/10/24

Sat 11/23/24

Fri 11/27/24

 

Thu 12/5/24

Sun 11/24/24

Sat 12/7/24

Fri 12/13/24

 

Wed 12/18/24 **

Sun 12/8/24

Sat 12/21/24

Fri 12/27/24

 

Thu 1/2/25 **

Sun 12/22/24

Sat 1/4/25

Fri 1/10/25

 

Thu 1/16/25

Sun 1/5/25

Sat 1/18/25

Fri 1/24/25

 

Thu 1/30/25

Sun 1/19/25

Sat 2/1/25

Fri 2/7/25

 

Thu 2/13/25

Sun 2/2/25

Sat 2/15/25

Fri 2/21/25

 

Thu 2/27/25

Sun 2/16/25

Sat 3/1/25

Fri 3/7/25

 

Thu 3/13/25

Sun 3/2/25

Sat 3/15/25

Fri 3/21/25

 

Thu 3/27/25

Sun 3/16/25

Sat 3/29/25

Fri 4/4/25

 

Thu 4/10/25

Sun 3/30/25

Sat 4/12/25

Fri 4/18/25

 

Thu 4/24/25

Sun 4/13/25

Sat 4/26/25

Fri 5/2/25

 

Thu 5/8/25

Sun 4/27/25

Sat 5/10/25

Fri 5/16/25

 

Thu 5/22/25

Sun 5/11/25

Sat 5/24/25

Fri 5/30/25

 

Thu 6/5/25

Sun 5/25/25

Sat 6/7/25

Fri 6/13/25

 

Thu 6/19/25

Sun 6/8/25

Sat 6/21/25

Fri 6/27/25

 

Thu 7/3/25

Sun 6/22/25

Sat 7/5/25

Fri 7/11/25

 

Thu 7/17/25

Sun 7/6/25

Sat 7/19/25

Fri 7/25/25

 

Thu 7/31/25

Sun 7/20/25

Sat 8/2/25

Fri 8/8/25

 

Thu 8/14/25

Sun 8/3/25

Sat 8/16/25

Fri 8/22/25

 

Thu 8/28/25

Sun 8/17/25

Sat 8/30/25

Fri 9/5/25

 

Thu 9/11/25

Sun 8/31/25

Sat 9/13/25

Fri 9/19/25

 

Thu 9/25/25

Sun 9/14/25

Sat 9/27/25

Fri 10/3/25

 

Thu 10/9/25

Sun 9/28/25

Sat 10/11/25

Fri 10/17/25

 

Thu 10/23/25

Sun 10/12/25

Sat 10/25/25

Fri 10/31/25

 

Thu 11/6/25

Sun 10/26/25

Sat 11/8/25

Fri 11/14/25

 

Thu 11/20/25

Sun 11/9/25

Sat 11/22/25

Fri 11/28/25

 

Thu 12/4/25

Sun 11/23/25

Sat 12/6/25

Fri 12/12/25

 

Thu 12/18/25

Sun 12/7/25

Sat 12/20/25

Fri 12/26/25

 

Thu 1/1/26

Sun 12/21/25

Sat 1/3/26

Fri 1/9/26

 

Thu 1/15/26

Sun 1/4/26

Sat 1/17/26

Fri 1/23/26

 

Thu 1/29/26

Sun 1/18/26

Sat 1/31/26

Fri 2/6/26

 

Thu 2/12/26

Sun 2/1/26

Sat 2/14/26

Fri 2/20/26

 

Thu 2/26/26

Sun 2/15/26

Sat 2/28/26

Fri 3/6/26

 

Thu 3/12/26

Sun 3/1/26

Sat 3/14/26

Fri 3/20/26

 

Thu 3/26/26

Sun 3/15/26

Sat 3/28/26

Fri 4/3/26

 

Thu 4/9/26

Sun 3/29/26

Sat 4/11/26

Fri 4/17/26

 

Thu 4/23/26

Sun 4/12/26

Sat 4/25/26

Fri 5/1/26

 

Thu 5/7/26

Sun 4/26/26

Sat 5/9/26

Fri 5/15/26

 

Thu 5/21/26

Sun 5/10/26

Sat 5/23/26

Fri 5/29/26

 

Thu 6/4/26

Sun 5/24/26

Sat 6/6/26

Fri 6/12/26

 

Thu 6/18/26

Sun 6/7/26

Sat 6/20/26

Fri 6/26/26

 

Thu 7/2/26

Sun 6/21/26

Sat 7/4/26

Fri 7/10/26

 

Thu 7/16/26

Sun 7/5/26

Sat 7/18/26

Fri 7/24/26

 

Thu 7/30/26

Sun 7/19/26

Sat 8/1/26

Fri 8/7/26

								

 

Thanks,

Rita

 

Rita Shorts

Business Administrator 

The Block Museum of Art <https://www.blockmuseum.northwestern.edu/> 

Northwestern University

40 Arts Circle Drive, Room 217

Evanston, Illinois 60208

d-shorts@northwestern.edu <mailto:d-shorts@northwestern.edu> 

847.491.4002 <tel:847-491-4002> 

Working Partially Remote

 

 

","Block Museum of Art (40 Arts Circle Dr, Evanston, IL)",,"Normal","False","Normal","1"
"AUTOMATED WFS (Workforce Software) TIME ENTRY REMINDER","2/18/2026","9:00:00 AM","2/18/2026","9:05:00 AM","False","True","2/18/2026","8:45:00 AM",,"Rita Shorts;Rocio Olasimbo;Ben Creech;Marisa Cruz Branco;Malia Adele Haines-Stewart;Isabella Ko;Robert Bradley Martin;Essi Ronkko;Vincent L Taylor;James G Stauber;James Francis Baroz;Ethan Thomas Bledsoe;Vincent Diaz Bonacquisti;Keya Soni Chaudhuri;Alexander David Crowell;Steph-Ann Laurena Dejean;Bazil Thomas Frueh;Camille Ann Mai Gerville-Reache;Bela Gomes Castilho;Samanta Afify Habashy;KaylinHarris2026@u.northwestern.edu;Vy Truc Ho;Esau McGhee;Kaitlyn Grace James;Kara Cobb Johnson;Hyouji Joo;Ashley Kim;Hannah Kim;Tristen Ives;Isaac Porter Lageschulte;Faith Magiera;Cassandra Meek;Victoria Isabel Feria Montinola;Aniyah Patterson;Vanya Saksena;Emily Shen;Warren G Smith;Christine Marie Wallers;Tyree Lynise Walton;Kenneth L Watson;Esau Torrell McGhee;Paul William O'Connor;Da Mi Kim;Malik Julius Middleton;Llewyn Blossfeld;renatocardoso2026@u.northwestern.edu;Leila Murray;Lily S Shen;Aranza Noriega Blondet;Laurel Ada Anderson;Alexa Murphy;Priyal Rajnish Khanuja;Muyang Chen;Aja Jenai Frazier;Harin Jeong;Darasimi Deborah Bankole;Hana Angelina Javed;Symone Harris;Alexander Eick;Mya Raine Sewell;Maria DiBello;Melanie Medina;annabellesweet2027@u.northwestern.edu","Kristina Marie Bottomley;Aaron L Chatman;Chris Forrester;Corinne D Granof (c-granof@northwestern.edu);Michael Streicher Metzger;Erin Lynn Northington;Jeffery Smith",,,,"All timesheets must be submitted. It is very important that your hours are entered and submitted on or before the dates below. Please account for all your time before you submit. 

 

***** Supervisor…You are copied here. Please ensure that your employees have entered their hours. Unscheduled check costs $100 ***** Please See Jeff

 

It is your responsibility to ensure that your direct deposit is up to date. 

 

Access myHR <https://myhr.northwestern.edu/>  with your NetID and Password                                                                                                                                                                                 

a) Set up Direct Deposit (to receive your paychecks) 

*        myHR > Pay > My Direct Deposit 

b) Enter your Federal Form W-4 

*        myHR > Pay > W-4 Tax Information

 

WFS Timekeeping & Webmail

*	Please use your NetID and Password to ensure you are able access WFS <https://urldefense.com/v3/__https:/nwuni.wta-us8.wfs.cloud/workforce/SSO.do__;!!Dq0X2DkFhyF93HkjWTBQKhk!W7QH1PAkJd6wK1EovFGLXfcLknl37klwJSocfzToHFZIUhl6Nx_QEIXEvpMDsm0h0U8eILN9RRsSicRfWFrKSmjkwkSJPhl7YrD3qb8bXQ$> . Let me know if you need training or a refresher. 

 

*	Workforce Software Login - Job Aid <https://www.northwestern.edu/hr/documents/calendar-groups.pdf>   
*	Job Aids - How To - WFS Workforce Software <https://www.northwestern.edu/hr/essentials/hr-systems/timekeeping/instructions.html> 
*	Workforce Software Aid & Quicksteps <https://www.northwestern.edu/hr/documents/time-entry---workforce-software.pdf> . How to access the timesheet, and correct timesheet for multiple jobs/assignments.

Please ensure you can access your university Webmail <https://www.northwestern.edu/webmail/> . 

 

Attached: FY25 Biweekly Pay and Cutoff Dates

 

NU Holiday’s Observance – 2025 <https://www.northwestern.edu/hr/benefits/leaves-holidays/university-scheduled-holidays.html> 

 

Timekeeping Requirements

  Hours Due
   by 4:00 pm

FY PAY PERIODS
Begins         Ends 

Pay Dates

 

 

Thu 8/29/24

Sun 8/18/24

Sat 8/31/24

Fri 9/6/24

 

Thu 9/12/24

Sun 9/1/24

Sat 9/14/24

Fri 9/20/24

 

Thu 9/26/24

Sun 9/15/24

Sat 9/28/24

Fri 10/4/24

 

Thu 10/10/24

Sun 9/29/24

Sat 10/12/24

Fri 10/18/24

 

Thu 10/24/24

Sun 10/13/24

Sat 10/26/24

Fri 11/1/24

 

Thu 11/7/24

Sun 10/27/24

Sat 11/9/24

Fri 11/15/24

 

Tue 11/19/24 **

Sun 11/10/24

Sat 11/23/24

Fri 11/27/24

 

Thu 12/5/24

Sun 11/24/24

Sat 12/7/24

Fri 12/13/24

 

Wed 12/18/24 **

Sun 12/8/24

Sat 12/21/24

Fri 12/27/24

 

Thu 1/2/25 **

Sun 12/22/24

Sat 1/4/25

Fri 1/10/25

 

Thu 1/16/25

Sun 1/5/25

Sat 1/18/25

Fri 1/24/25

 

Thu 1/30/25

Sun 1/19/25

Sat 2/1/25

Fri 2/7/25

 

Thu 2/13/25

Sun 2/2/25

Sat 2/15/25

Fri 2/21/25

 

Thu 2/27/25

Sun 2/16/25

Sat 3/1/25

Fri 3/7/25

 

Thu 3/13/25

Sun 3/2/25

Sat 3/15/25

Fri 3/21/25

 

Thu 3/27/25

Sun 3/16/25

Sat 3/29/25

Fri 4/4/25

 

Thu 4/10/25

Sun 3/30/25

Sat 4/12/25

Fri 4/18/25

 

Thu 4/24/25

Sun 4/13/25

Sat 4/26/25

Fri 5/2/25

 

Thu 5/8/25

Sun 4/27/25

Sat 5/10/25

Fri 5/16/25

 

Thu 5/22/25

Sun 5/11/25

Sat 5/24/25

Fri 5/30/25

 

Thu 6/5/25

Sun 5/25/25

Sat 6/7/25

Fri 6/13/25

 

Thu 6/19/25

Sun 6/8/25

Sat 6/21/25

Fri 6/27/25

 

Thu 7/3/25

Sun 6/22/25

Sat 7/5/25

Fri 7/11/25

 

Thu 7/17/25

Sun 7/6/25

Sat 7/19/25

Fri 7/25/25

 

Thu 7/31/25

Sun 7/20/25

Sat 8/2/25

Fri 8/8/25

 

Thu 8/14/25

Sun 8/3/25

Sat 8/16/25

Fri 8/22/25

 

Thu 8/28/25

Sun 8/17/25

Sat 8/30/25

Fri 9/5/25

 

Thu 9/11/25

Sun 8/31/25

Sat 9/13/25

Fri 9/19/25

 

Thu 9/25/25

Sun 9/14/25

Sat 9/27/25

Fri 10/3/25

 

Thu 10/9/25

Sun 9/28/25

Sat 10/11/25

Fri 10/17/25

 

Thu 10/23/25

Sun 10/12/25

Sat 10/25/25

Fri 10/31/25

 

Thu 11/6/25

Sun 10/26/25

Sat 11/8/25

Fri 11/14/25

 

Thu 11/20/25

Sun 11/9/25

Sat 11/22/25

Fri 11/28/25

 

Thu 12/4/25

Sun 11/23/25

Sat 12/6/25

Fri 12/12/25

 

Thu 12/18/25

Sun 12/7/25

Sat 12/20/25

Fri 12/26/25

 

Thu 1/1/26

Sun 12/21/25

Sat 1/3/26

Fri 1/9/26

 

Thu 1/15/26

Sun 1/4/26

Sat 1/17/26

Fri 1/23/26

 

Thu 1/29/26

Sun 1/18/26

Sat 1/31/26

Fri 2/6/26

 

Thu 2/12/26

Sun 2/1/26

Sat 2/14/26

Fri 2/20/26

 

Thu 2/26/26

Sun 2/15/26

Sat 2/28/26

Fri 3/6/26

 

Thu 3/12/26

Sun 3/1/26

Sat 3/14/26

Fri 3/20/26

 

Thu 3/26/26

Sun 3/15/26

Sat 3/28/26

Fri 4/3/26

 

Thu 4/9/26

Sun 3/29/26

Sat 4/11/26

Fri 4/17/26

 

Thu 4/23/26

Sun 4/12/26

Sat 4/25/26

Fri 5/1/26

 

Thu 5/7/26

Sun 4/26/26

Sat 5/9/26

Fri 5/15/26

 

Thu 5/21/26

Sun 5/10/26

Sat 5/23/26

Fri 5/29/26

 

Thu 6/4/26

Sun 5/24/26

Sat 6/6/26

Fri 6/12/26

 

Thu 6/18/26

Sun 6/7/26

Sat 6/20/26

Fri 6/26/26

 

Thu 7/2/26

Sun 6/21/26

Sat 7/4/26

Fri 7/10/26

 

Thu 7/16/26

Sun 7/5/26

Sat 7/18/26

Fri 7/24/26

 

Thu 7/30/26

Sun 7/19/26

Sat 8/1/26

Fri 8/7/26

								

 

Thanks,

Rita

 

Rita Shorts

Business Administrator 

The Block Museum of Art <https://www.blockmuseum.northwestern.edu/> 

Northwestern University

40 Arts Circle Drive, Room 217

Evanston, Illinois 60208

d-shorts@northwestern.edu <mailto:d-shorts@northwestern.edu> 

847.491.4002 <tel:847-491-4002> 

Working Partially Remote

 

 

","Block Museum of Art (40 Arts Circle Dr, Evanston, IL)",,"Normal","False","Normal","1"
"AUTOMATED WFS (Workforce Software) TIME ENTRY REMINDER","2/19/2026","9:00:00 AM","2/19/2026","9:05:00 AM","False","True","2/19/2026","8:45:00 AM",,"Rita Shorts;Rocio Olasimbo;Ben Creech;Marisa Cruz Branco;Malia Adele Haines-Stewart;Isabella Ko;Robert Bradley Martin;Essi Ronkko;Vincent L Taylor;James G Stauber;James Francis Baroz;Ethan Thomas Bledsoe;Vincent Diaz Bonacquisti;Keya Soni Chaudhuri;Alexander David Crowell;Steph-Ann Laurena Dejean;Bazil Thomas Frueh;Camille Ann Mai Gerville-Reache;Bela Gomes Castilho;Samanta Afify Habashy;KaylinHarris2026@u.northwestern.edu;Vy Truc Ho;Esau McGhee;Kaitlyn Grace James;Kara Cobb Johnson;Hyouji Joo;Ashley Kim;Hannah Kim;Tristen Ives;Isaac Porter Lageschulte;Faith Magiera;Cassandra Meek;Victoria Isabel Feria Montinola;Aniyah Patterson;Vanya Saksena;Emily Shen;Warren G Smith;Christine Marie Wallers;Tyree Lynise Walton;Kenneth L Watson;Esau Torrell McGhee;Paul William O'Connor;Da Mi Kim;Malik Julius Middleton;Llewyn Blossfeld;renatocardoso2026@u.northwestern.edu;Leila Murray;Lily S Shen;Aranza Noriega Blondet;Laurel Ada Anderson;Alexa Murphy;Priyal Rajnish Khanuja;Muyang Chen;Aja Jenai Frazier;Harin Jeong;Darasimi Deborah Bankole;Hana Angelina Javed;Symone Harris;Alexander Eick;Mya Raine Sewell;Maria DiBello;Melanie Medina;annabellesweet2027@u.northwestern.edu","Kristina Marie Bottomley;Aaron L Chatman;Chris Forrester;Corinne D Granof (c-granof@northwestern.edu);Michael Streicher Metzger;Erin Lynn Northington;Jeffery Smith",,,,"All timesheets must be submitted. It is very important that your hours are entered and submitted on or before the dates below. Please account for all your time before you submit. 

 

***** Supervisor…You are copied here. Please ensure that your employees have entered their hours. Unscheduled check costs $100 ***** Please See Jeff

 

It is your responsibility to ensure that your direct deposit is up to date. 

 

Access myHR <https://myhr.northwestern.edu/>  with your NetID and Password                                                                                                                                                                                 

a) Set up Direct Deposit (to receive your paychecks) 

*        myHR > Pay > My Direct Deposit 

b) Enter your Federal Form W-4 

*        myHR > Pay > W-4 Tax Information

 

WFS Timekeeping & Webmail

*	Please use your NetID and Password to ensure you are able access WFS <https://urldefense.com/v3/__https:/nwuni.wta-us8.wfs.cloud/workforce/SSO.do__;!!Dq0X2DkFhyF93HkjWTBQKhk!W7QH1PAkJd6wK1EovFGLXfcLknl37klwJSocfzToHFZIUhl6Nx_QEIXEvpMDsm0h0U8eILN9RRsSicRfWFrKSmjkwkSJPhl7YrD3qb8bXQ$> . Let me know if you need training or a refresher. 

 

*	Workforce Software Login - Job Aid <https://www.northwestern.edu/hr/documents/calendar-groups.pdf>   
*	Job Aids - How To - WFS Workforce Software <https://www.northwestern.edu/hr/essentials/hr-systems/timekeeping/instructions.html> 
*	Workforce Software Aid & Quicksteps <https://www.northwestern.edu/hr/documents/time-entry---workforce-software.pdf> . How to access the timesheet, and correct timesheet for multiple jobs/assignments.

Please ensure you can access your university Webmail <https://www.northwestern.edu/webmail/> . 

 

Attached: FY25 Biweekly Pay and Cutoff Dates

 

NU Holiday’s Observance – 2025 <https://www.northwestern.edu/hr/benefits/leaves-holidays/university-scheduled-holidays.html> 

 

Timekeeping Requirements

  Hours Due
   by 4:00 pm

FY PAY PERIODS
Begins         Ends 

Pay Dates

 

 

Thu 8/29/24

Sun 8/18/24

Sat 8/31/24

Fri 9/6/24

 

Thu 9/12/24

Sun 9/1/24

Sat 9/14/24

Fri 9/20/24

 

Thu 9/26/24

Sun 9/15/24

Sat 9/28/24

Fri 10/4/24

 

Thu 10/10/24

Sun 9/29/24

Sat 10/12/24

Fri 10/18/24

 

Thu 10/24/24

Sun 10/13/24

Sat 10/26/24

Fri 11/1/24

 

Thu 11/7/24

Sun 10/27/24

Sat 11/9/24

Fri 11/15/24

 

Tue 11/19/24 **

Sun 11/10/24

Sat 11/23/24

Fri 11/27/24

 

Thu 12/5/24

Sun 11/24/24

Sat 12/7/24

Fri 12/13/24

 

Wed 12/18/24 **

Sun 12/8/24

Sat 12/21/24

Fri 12/27/24

 

Thu 1/2/25 **

Sun 12/22/24

Sat 1/4/25

Fri 1/10/25

 

Thu 1/16/25

Sun 1/5/25

Sat 1/18/25

Fri 1/24/25

 

Thu 1/30/25

Sun 1/19/25

Sat 2/1/25

Fri 2/7/25

 

Thu 2/13/25

Sun 2/2/25

Sat 2/15/25

Fri 2/21/25

 

Thu 2/27/25

Sun 2/16/25

Sat 3/1/25

Fri 3/7/25

 

Thu 3/13/25

Sun 3/2/25

Sat 3/15/25

Fri 3/21/25

 

Thu 3/27/25

Sun 3/16/25

Sat 3/29/25

Fri 4/4/25

 

Thu 4/10/25

Sun 3/30/25

Sat 4/12/25

Fri 4/18/25

 

Thu 4/24/25

Sun 4/13/25

Sat 4/26/25

Fri 5/2/25

 

Thu 5/8/25

Sun 4/27/25

Sat 5/10/25

Fri 5/16/25

 

Thu 5/22/25

Sun 5/11/25

Sat 5/24/25

Fri 5/30/25

 

Thu 6/5/25

Sun 5/25/25

Sat 6/7/25

Fri 6/13/25

 

Thu 6/19/25

Sun 6/8/25

Sat 6/21/25

Fri 6/27/25

 

Thu 7/3/25

Sun 6/22/25

Sat 7/5/25

Fri 7/11/25

 

Thu 7/17/25

Sun 7/6/25

Sat 7/19/25

Fri 7/25/25

 

Thu 7/31/25

Sun 7/20/25

Sat 8/2/25

Fri 8/8/25

 

Thu 8/14/25

Sun 8/3/25

Sat 8/16/25

Fri 8/22/25

 

Thu 8/28/25

Sun 8/17/25

Sat 8/30/25

Fri 9/5/25

 

Thu 9/11/25

Sun 8/31/25

Sat 9/13/25

Fri 9/19/25

 

Thu 9/25/25

Sun 9/14/25

Sat 9/27/25

Fri 10/3/25

 

Thu 10/9/25

Sun 9/28/25

Sat 10/11/25

Fri 10/17/25

 

Thu 10/23/25

Sun 10/12/25

Sat 10/25/25

Fri 10/31/25

 

Thu 11/6/25

Sun 10/26/25

Sat 11/8/25

Fri 11/14/25

 

Thu 11/20/25

Sun 11/9/25

Sat 11/22/25

Fri 11/28/25

 

Thu 12/4/25

Sun 11/23/25

Sat 12/6/25

Fri 12/12/25

 

Thu 12/18/25

Sun 12/7/25

Sat 12/20/25

Fri 12/26/25

 

Thu 1/1/26

Sun 12/21/25

Sat 1/3/26

Fri 1/9/26

 

Thu 1/15/26

Sun 1/4/26

Sat 1/17/26

Fri 1/23/26

 

Thu 1/29/26

Sun 1/18/26

Sat 1/31/26

Fri 2/6/26

 

Thu 2/12/26

Sun 2/1/26

Sat 2/14/26

Fri 2/20/26

 

Thu 2/26/26

Sun 2/15/26

Sat 2/28/26

Fri 3/6/26

 

Thu 3/12/26

Sun 3/1/26

Sat 3/14/26

Fri 3/20/26

 

Thu 3/26/26

Sun 3/15/26

Sat 3/28/26

Fri 4/3/26

 

Thu 4/9/26

Sun 3/29/26

Sat 4/11/26

Fri 4/17/26

 

Thu 4/23/26

Sun 4/12/26

Sat 4/25/26

Fri 5/1/26

 

Thu 5/7/26

Sun 4/26/26

Sat 5/9/26

Fri 5/15/26

 

Thu 5/21/26

Sun 5/10/26

Sat 5/23/26

Fri 5/29/26

 

Thu 6/4/26

Sun 5/24/26

Sat 6/6/26

Fri 6/12/26

 

Thu 6/18/26

Sun 6/7/26

Sat 6/20/26

Fri 6/26/26

 

Thu 7/2/26

Sun 6/21/26

Sat 7/4/26

Fri 7/10/26

 

Thu 7/16/26

Sun 7/5/26

Sat 7/18/26

Fri 7/24/26

 

Thu 7/30/26

Sun 7/19/26

Sat 8/1/26

Fri 8/7/26

								

 

Thanks,

Rita

 

Rita Shorts

Business Administrator 

The Block Museum of Art <https://www.blockmuseum.northwestern.edu/> 

Northwestern University

40 Arts Circle Drive, Room 217

Evanston, Illinois 60208

d-shorts@northwestern.edu <mailto:d-shorts@northwestern.edu> 

847.491.4002 <tel:847-491-4002> 

Working Partially Remote

 

 

","Block Museum of Art (40 Arts Circle Dr, Evanston, IL)",,"Normal","False","Normal","1"
"AUTOMATED WFS (Workforce Software) TIME ENTRY REMINDER","2/23/2026","9:00:00 AM","2/23/2026","9:05:00 AM","False","True","2/23/2026","8:45:00 AM",,"Rita Shorts;Rocio Olasimbo;Ben Creech;Marisa Cruz Branco;Malia Adele Haines-Stewart;Isabella Ko;Robert Bradley Martin;Essi Ronkko;Vincent L Taylor;James G Stauber;James Francis Baroz;Ethan Thomas Bledsoe;Vincent Diaz Bonacquisti;Keya Soni Chaudhuri;Alexander David Crowell;Steph-Ann Laurena Dejean;Bazil Thomas Frueh;Camille Ann Mai Gerville-Reache;Bela Gomes Castilho;Samanta Afify Habashy;KaylinHarris2026@u.northwestern.edu;Vy Truc Ho;Esau McGhee;Kaitlyn Grace James;Kara Cobb Johnson;Hyouji Joo;Ashley Kim;Hannah Kim;Tristen Ives;Isaac Porter Lageschulte;Faith Magiera;Cassandra Meek;Victoria Isabel Feria Montinola;Aniyah Patterson;Vanya Saksena;Emily Shen;Warren G Smith;Christine Marie Wallers;Tyree Lynise Walton;Kenneth L Watson;Esau Torrell McGhee;Paul William O'Connor;Da Mi Kim;Malik Julius Middleton;Llewyn Blossfeld;renatocardoso2026@u.northwestern.edu;Leila Murray;Lily S Shen;Aranza Noriega Blondet;Laurel Ada Anderson;Alexa Murphy;Priyal Rajnish Khanuja;Muyang Chen;Aja Jenai Frazier;Harin Jeong;Darasimi Deborah Bankole;Hana Angelina Javed;Symone Harris;Alexander Eick;Mya Raine Sewell;Maria DiBello;Melanie Medina;annabellesweet2027@u.northwestern.edu","Kristina Marie Bottomley;Aaron L Chatman;Chris Forrester;Corinne D Granof (c-granof@northwestern.edu);Michael Streicher Metzger;Erin Lynn Northington;Jeffery Smith",,,,"All timesheets must be submitted. It is very important that your hours are entered and submitted on or before the dates below. Please account for all your time before you submit. 

 

***** Supervisor…You are copied here. Please ensure that your employees have entered their hours. Unscheduled check costs $100 ***** Please See Jeff

 

It is your responsibility to ensure that your direct deposit is up to date. 

 

Access myHR <https://myhr.northwestern.edu/>  with your NetID and Password                                                                                                                                                                                 

a) Set up Direct Deposit (to receive your paychecks) 

*        myHR > Pay > My Direct Deposit 

b) Enter your Federal Form W-4 

*        myHR > Pay > W-4 Tax Information

 

WFS Timekeeping & Webmail

*	Please use your NetID and Password to ensure you are able access WFS <https://urldefense.com/v3/__https:/nwuni.wta-us8.wfs.cloud/workforce/SSO.do__;!!Dq0X2DkFhyF93HkjWTBQKhk!W7QH1PAkJd6wK1EovFGLXfcLknl37klwJSocfzToHFZIUhl6Nx_QEIXEvpMDsm0h0U8eILN9RRsSicRfWFrKSmjkwkSJPhl7YrD3qb8bXQ$> . Let me know if you need training or a refresher. 

 

*	Workforce Software Login - Job Aid <https://www.northwestern.edu/hr/documents/calendar-groups.pdf>   
*	Job Aids - How To - WFS Workforce Software <https://www.northwestern.edu/hr/essentials/hr-systems/timekeeping/instructions.html> 
*	Workforce Software Aid & Quicksteps <https://www.northwestern.edu/hr/documents/time-entry---workforce-software.pdf> . How to access the timesheet, and correct timesheet for multiple jobs/assignments.

Please ensure you can access your university Webmail <https://www.northwestern.edu/webmail/> . 

 

Attached: FY25 Biweekly Pay and Cutoff Dates

 

NU Holiday’s Observance – 2025 <https://www.northwestern.edu/hr/benefits/leaves-holidays/university-scheduled-holidays.html> 

 

Timekeeping Requirements

  Hours Due
   by 4:00 pm

FY PAY PERIODS
Begins         Ends 

Pay Dates

 

 

Thu 8/29/24

Sun 8/18/24

Sat 8/31/24

Fri 9/6/24

 

Thu 9/12/24

Sun 9/1/24

Sat 9/14/24

Fri 9/20/24

 

Thu 9/26/24

Sun 9/15/24

Sat 9/28/24

Fri 10/4/24

 

Thu 10/10/24

Sun 9/29/24

Sat 10/12/24

Fri 10/18/24

 

Thu 10/24/24

Sun 10/13/24

Sat 10/26/24

Fri 11/1/24

 

Thu 11/7/24

Sun 10/27/24

Sat 11/9/24

Fri 11/15/24

 

Tue 11/19/24 **

Sun 11/10/24

Sat 11/23/24

Fri 11/27/24

 

Thu 12/5/24

Sun 11/24/24

Sat 12/7/24

Fri 12/13/24

 

Wed 12/18/24 **

Sun 12/8/24

Sat 12/21/24

Fri 12/27/24

 

Thu 1/2/25 **

Sun 12/22/24

Sat 1/4/25

Fri 1/10/25

 

Thu 1/16/25

Sun 1/5/25

Sat 1/18/25

Fri 1/24/25

 

Thu 1/30/25

Sun 1/19/25

Sat 2/1/25

Fri 2/7/25

 

Thu 2/13/25

Sun 2/2/25

Sat 2/15/25

Fri 2/21/25

 

Thu 2/27/25

Sun 2/16/25

Sat 3/1/25

Fri 3/7/25

 

Thu 3/13/25

Sun 3/2/25

Sat 3/15/25

Fri 3/21/25

 

Thu 3/27/25

Sun 3/16/25

Sat 3/29/25

Fri 4/4/25

 

Thu 4/10/25

Sun 3/30/25

Sat 4/12/25

Fri 4/18/25

 

Thu 4/24/25

Sun 4/13/25

Sat 4/26/25

Fri 5/2/25

 

Thu 5/8/25

Sun 4/27/25

Sat 5/10/25

Fri 5/16/25

 

Thu 5/22/25

Sun 5/11/25

Sat 5/24/25

Fri 5/30/25

 

Thu 6/5/25

Sun 5/25/25

Sat 6/7/25

Fri 6/13/25

 

Thu 6/19/25

Sun 6/8/25

Sat 6/21/25

Fri 6/27/25

 

Thu 7/3/25

Sun 6/22/25

Sat 7/5/25

Fri 7/11/25

 

Thu 7/17/25

Sun 7/6/25

Sat 7/19/25

Fri 7/25/25

 

Thu 7/31/25

Sun 7/20/25

Sat 8/2/25

Fri 8/8/25

 

Thu 8/14/25

Sun 8/3/25

Sat 8/16/25

Fri 8/22/25

 

Thu 8/28/25

Sun 8/17/25

Sat 8/30/25

Fri 9/5/25

 

Thu 9/11/25

Sun 8/31/25

Sat 9/13/25

Fri 9/19/25

 

Thu 9/25/25

Sun 9/14/25

Sat 9/27/25

Fri 10/3/25

 

Thu 10/9/25

Sun 9/28/25

Sat 10/11/25

Fri 10/17/25

 

Thu 10/23/25

Sun 10/12/25

Sat 10/25/25

Fri 10/31/25

 

Thu 11/6/25

Sun 10/26/25

Sat 11/8/25

Fri 11/14/25

 

Thu 11/20/25

Sun 11/9/25

Sat 11/22/25

Fri 11/28/25

 

Thu 12/4/25

Sun 11/23/25

Sat 12/6/25

Fri 12/12/25

 

Thu 12/18/25

Sun 12/7/25

Sat 12/20/25

Fri 12/26/25

 

Thu 1/1/26

Sun 12/21/25

Sat 1/3/26

Fri 1/9/26

 

Thu 1/15/26

Sun 1/4/26

Sat 1/17/26

Fri 1/23/26

 

Thu 1/29/26

Sun 1/18/26

Sat 1/31/26

Fri 2/6/26

 

Thu 2/12/26

Sun 2/1/26

Sat 2/14/26

Fri 2/20/26

 

Thu 2/26/26

Sun 2/15/26

Sat 2/28/26

Fri 3/6/26

 

Thu 3/12/26

Sun 3/1/26

Sat 3/14/26

Fri 3/20/26

 

Thu 3/26/26

Sun 3/15/26

Sat 3/28/26

Fri 4/3/26

 

Thu 4/9/26

Sun 3/29/26

Sat 4/11/26

Fri 4/17/26

 

Thu 4/23/26

Sun 4/12/26

Sat 4/25/26

Fri 5/1/26

 

Thu 5/7/26

Sun 4/26/26

Sat 5/9/26

Fri 5/15/26

 

Thu 5/21/26

Sun 5/10/26

Sat 5/23/26

Fri 5/29/26

 

Thu 6/4/26

Sun 5/24/26

Sat 6/6/26

Fri 6/12/26

 

Thu 6/18/26

Sun 6/7/26

Sat 6/20/26

Fri 6/26/26

 

Thu 7/2/26

Sun 6/21/26

Sat 7/4/26

Fri 7/10/26

 

Thu 7/16/26

Sun 7/5/26

Sat 7/18/26

Fri 7/24/26

 

Thu 7/30/26

Sun 7/19/26

Sat 8/1/26

Fri 8/7/26

								

 

Thanks,

Rita

 

Rita Shorts

Business Administrator 

The Block Museum of Art <https://www.blockmuseum.northwestern.edu/> 

Northwestern University

40 Arts Circle Drive, Room 217

Evanston, Illinois 60208

d-shorts@northwestern.edu <mailto:d-shorts@northwestern.edu> 

847.491.4002 <tel:847-491-4002> 

Working Partially Remote

 

 

","Block Museum of Art (40 Arts Circle Dr, Evanston, IL)",,"Normal","False","Normal","1"
"AUTOMATED WFS (Workforce Software) TIME ENTRY REMINDER","2/25/2026","9:00:00 AM","2/25/2026","9:05:00 AM","False","True","2/25/2026","8:45:00 AM",,"Rita Shorts;Rocio Olasimbo;Ben Creech;Marisa Cruz Branco;Malia Adele Haines-Stewart;Isabella Ko;Robert Bradley Martin;Essi Ronkko;Vincent L Taylor;James G Stauber;James Francis Baroz;Ethan Thomas Bledsoe;Vincent Diaz Bonacquisti;Keya Soni Chaudhuri;Alexander David Crowell;Steph-Ann Laurena Dejean;Bazil Thomas Frueh;Camille Ann Mai Gerville-Reache;Bela Gomes Castilho;Samanta Afify Habashy;KaylinHarris2026@u.northwestern.edu;Vy Truc Ho;Esau McGhee;Kaitlyn Grace James;Kara Cobb Johnson;Hyouji Joo;Ashley Kim;Hannah Kim;Tristen Ives;Isaac Porter Lageschulte;Faith Magiera;Cassandra Meek;Victoria Isabel Feria Montinola;Aniyah Patterson;Vanya Saksena;Emily Shen;Warren G Smith;Christine Marie Wallers;Tyree Lynise Walton;Kenneth L Watson;Esau Torrell McGhee;Paul William O'Connor;Da Mi Kim;Malik Julius Middleton;Llewyn Blossfeld;renatocardoso2026@u.northwestern.edu;Leila Murray;Lily S Shen;Aranza Noriega Blondet;Laurel Ada Anderson;Alexa Murphy;Priyal Rajnish Khanuja;Muyang Chen;Aja Jenai Frazier;Harin Jeong;Darasimi Deborah Bankole;Hana Angelina Javed;Symone Harris;Alexander Eick;Mya Raine Sewell;Maria DiBello;Melanie Medina;annabellesweet2027@u.northwestern.edu","Kristina Marie Bottomley;Aaron L Chatman;Chris Forrester;Corinne D Granof (c-granof@northwestern.edu);Michael Streicher Metzger;Erin Lynn Northington;Jeffery Smith",,,,"All timesheets must be submitted. It is very important that your hours are entered and submitted on or before the dates below. Please account for all your time before you submit. 

 

***** Supervisor…You are copied here. Please ensure that your employees have entered their hours. Unscheduled check costs $100 ***** Please See Jeff

 

It is your responsibility to ensure that your direct deposit is up to date. 

 

Access myHR <https://myhr.northwestern.edu/>  with your NetID and Password                                                                                                                                                                                 

a) Set up Direct Deposit (to receive your paychecks) 

*        myHR > Pay > My Direct Deposit 

b) Enter your Federal Form W-4 

*        myHR > Pay > W-4 Tax Information

 

WFS Timekeeping & Webmail

*	Please use your NetID and Password to ensure you are able access WFS <https://urldefense.com/v3/__https:/nwuni.wta-us8.wfs.cloud/workforce/SSO.do__;!!Dq0X2DkFhyF93HkjWTBQKhk!W7QH1PAkJd6wK1EovFGLXfcLknl37klwJSocfzToHFZIUhl6Nx_QEIXEvpMDsm0h0U8eILN9RRsSicRfWFrKSmjkwkSJPhl7YrD3qb8bXQ$> . Let me know if you need training or a refresher. 

 

*	Workforce Software Login - Job Aid <https://www.northwestern.edu/hr/documents/calendar-groups.pdf>   
*	Job Aids - How To - WFS Workforce Software <https://www.northwestern.edu/hr/essentials/hr-systems/timekeeping/instructions.html> 
*	Workforce Software Aid & Quicksteps <https://www.northwestern.edu/hr/documents/time-entry---workforce-software.pdf> . How to access the timesheet, and correct timesheet for multiple jobs/assignments.

Please ensure you can access your university Webmail <https://www.northwestern.edu/webmail/> . 

 

Attached: FY25 Biweekly Pay and Cutoff Dates

 

NU Holiday’s Observance – 2025 <https://www.northwestern.edu/hr/benefits/leaves-holidays/university-scheduled-holidays.html> 

 

Timekeeping Requirements

  Hours Due
   by 4:00 pm

FY PAY PERIODS
Begins         Ends 

Pay Dates

 

 

Thu 8/29/24

Sun 8/18/24

Sat 8/31/24

Fri 9/6/24

 

Thu 9/12/24

Sun 9/1/24

Sat 9/14/24

Fri 9/20/24

 

Thu 9/26/24

Sun 9/15/24

Sat 9/28/24

Fri 10/4/24

 

Thu 10/10/24

Sun 9/29/24

Sat 10/12/24

Fri 10/18/24

 

Thu 10/24/24

Sun 10/13/24

Sat 10/26/24

Fri 11/1/24

 

Thu 11/7/24

Sun 10/27/24

Sat 11/9/24

Fri 11/15/24

 

Tue 11/19/24 **

Sun 11/10/24

Sat 11/23/24

Fri 11/27/24

 

Thu 12/5/24

Sun 11/24/24

Sat 12/7/24

Fri 12/13/24

 

Wed 12/18/24 **

Sun 12/8/24

Sat 12/21/24

Fri 12/27/24

 

Thu 1/2/25 **

Sun 12/22/24

Sat 1/4/25

Fri 1/10/25

 

Thu 1/16/25

Sun 1/5/25

Sat 1/18/25

Fri 1/24/25

 

Thu 1/30/25

Sun 1/19/25

Sat 2/1/25

Fri 2/7/25

 

Thu 2/13/25

Sun 2/2/25

Sat 2/15/25

Fri 2/21/25

 

Thu 2/27/25

Sun 2/16/25

Sat 3/1/25

Fri 3/7/25

 

Thu 3/13/25

Sun 3/2/25

Sat 3/15/25

Fri 3/21/25

 

Thu 3/27/25

Sun 3/16/25

Sat 3/29/25

Fri 4/4/25

 

Thu 4/10/25

Sun 3/30/25

Sat 4/12/25

Fri 4/18/25

 

Thu 4/24/25

Sun 4/13/25

Sat 4/26/25

Fri 5/2/25

 

Thu 5/8/25

Sun 4/27/25

Sat 5/10/25

Fri 5/16/25

 

Thu 5/22/25

Sun 5/11/25

Sat 5/24/25

Fri 5/30/25

 

Thu 6/5/25

Sun 5/25/25

Sat 6/7/25

Fri 6/13/25

 

Thu 6/19/25

Sun 6/8/25

Sat 6/21/25

Fri 6/27/25

 

Thu 7/3/25

Sun 6/22/25

Sat 7/5/25

Fri 7/11/25

 

Thu 7/17/25

Sun 7/6/25

Sat 7/19/25

Fri 7/25/25

 

Thu 7/31/25

Sun 7/20/25

Sat 8/2/25

Fri 8/8/25

 

Thu 8/14/25

Sun 8/3/25

Sat 8/16/25

Fri 8/22/25

 

Thu 8/28/25

Sun 8/17/25

Sat 8/30/25

Fri 9/5/25

 

Thu 9/11/25

Sun 8/31/25

Sat 9/13/25

Fri 9/19/25

 

Thu 9/25/25

Sun 9/14/25

Sat 9/27/25

Fri 10/3/25

 

Thu 10/9/25

Sun 9/28/25

Sat 10/11/25

Fri 10/17/25

 

Thu 10/23/25

Sun 10/12/25

Sat 10/25/25

Fri 10/31/25

 

Thu 11/6/25

Sun 10/26/25

Sat 11/8/25

Fri 11/14/25

 

Thu 11/20/25

Sun 11/9/25

Sat 11/22/25

Fri 11/28/25

 

Thu 12/4/25

Sun 11/23/25

Sat 12/6/25

Fri 12/12/25

 

Thu 12/18/25

Sun 12/7/25

Sat 12/20/25

Fri 12/26/25

 

Thu 1/1/26

Sun 12/21/25

Sat 1/3/26

Fri 1/9/26

 

Thu 1/15/26

Sun 1/4/26

Sat 1/17/26

Fri 1/23/26

 

Thu 1/29/26

Sun 1/18/26

Sat 1/31/26

Fri 2/6/26

 

Thu 2/12/26

Sun 2/1/26

Sat 2/14/26

Fri 2/20/26

 

Thu 2/26/26

Sun 2/15/26

Sat 2/28/26

Fri 3/6/26

 

Thu 3/12/26

Sun 3/1/26

Sat 3/14/26

Fri 3/20/26

 

Thu 3/26/26

Sun 3/15/26

Sat 3/28/26

Fri 4/3/26

 

Thu 4/9/26

Sun 3/29/26

Sat 4/11/26

Fri 4/17/26

 

Thu 4/23/26

Sun 4/12/26

Sat 4/25/26

Fri 5/1/26

 

Thu 5/7/26

Sun 4/26/26

Sat 5/9/26

Fri 5/15/26

 

Thu 5/21/26

Sun 5/10/26

Sat 5/23/26

Fri 5/29/26

 

Thu 6/4/26

Sun 5/24/26

Sat 6/6/26

Fri 6/12/26

 

Thu 6/18/26

Sun 6/7/26

Sat 6/20/26

Fri 6/26/26

 

Thu 7/2/26

Sun 6/21/26

Sat 7/4/26

Fri 7/10/26

 

Thu 7/16/26

Sun 7/5/26

Sat 7/18/26

Fri 7/24/26

 

Thu 7/30/26

Sun 7/19/26

Sat 8/1/26

Fri 8/7/26

								

 

Thanks,

Rita

 

Rita Shorts

Business Administrator 

The Block Museum of Art <https://www.blockmuseum.northwestern.edu/> 

Northwestern University

40 Arts Circle Drive, Room 217

Evanston, Illinois 60208

d-shorts@northwestern.edu <mailto:d-shorts@northwestern.edu> 

847.491.4002 <tel:847-491-4002> 

Working Partially Remote

 

 

","Block Museum of Art (40 Arts Circle Dr, Evanston, IL)",,"Normal","False","Normal","1"
"AUTOMATED WFS (Workforce Software) TIME ENTRY REMINDER","2/26/2026","9:00:00 AM","2/26/2026","9:05:00 AM","False","True","2/26/2026","8:45:00 AM",,"Rita Shorts;Rocio Olasimbo;Ben Creech;Marisa Cruz Branco;Malia Adele Haines-Stewart;Isabella Ko;Robert Bradley Martin;Essi Ronkko;Vincent L Taylor;James G Stauber;James Francis Baroz;Ethan Thomas Bledsoe;Vincent Diaz Bonacquisti;Keya Soni Chaudhuri;Alexander David Crowell;Steph-Ann Laurena Dejean;Bazil Thomas Frueh;Camille Ann Mai Gerville-Reache;Bela Gomes Castilho;Samanta Afify Habashy;KaylinHarris2026@u.northwestern.edu;Vy Truc Ho;Esau McGhee;Kaitlyn Grace James;Kara Cobb Johnson;Hyouji Joo;Ashley Kim;Hannah Kim;Tristen Ives;Isaac Porter Lageschulte;Faith Magiera;Cassandra Meek;Victoria Isabel Feria Montinola;Aniyah Patterson;Vanya Saksena;Emily Shen;Warren G Smith;Christine Marie Wallers;Tyree Lynise Walton;Kenneth L Watson;Esau Torrell McGhee;Paul William O'Connor;Da Mi Kim;Malik Julius Middleton;Llewyn Blossfeld;renatocardoso2026@u.northwestern.edu;Leila Murray;Lily S Shen;Aranza Noriega Blondet;Laurel Ada Anderson;Alexa Murphy;Priyal Rajnish Khanuja;Muyang Chen;Aja Jenai Frazier;Harin Jeong;Darasimi Deborah Bankole;Hana Angelina Javed;Symone Harris;Alexander Eick;Mya Raine Sewell;Maria DiBello;Melanie Medina;annabellesweet2027@u.northwestern.edu","Kristina Marie Bottomley;Aaron L Chatman;Chris Forrester;Corinne D Granof (c-granof@northwestern.edu);Michael Streicher Metzger;Erin Lynn Northington;Jeffery Smith",,,,"All timesheets must be submitted. It is very important that your hours are entered and submitted on or before the dates below. Please account for all your time before you submit. 

 

***** Supervisor…You are copied here. Please ensure that your employees have entered their hours. Unscheduled check costs $100 ***** Please See Jeff

 

It is your responsibility to ensure that your direct deposit is up to date. 

 

Access myHR <https://myhr.northwestern.edu/>  with your NetID and Password                                                                                                                                                                                 

a) Set up Direct Deposit (to receive your paychecks) 

*        myHR > Pay > My Direct Deposit 

b) Enter your Federal Form W-4 

*        myHR > Pay > W-4 Tax Information

 

WFS Timekeeping & Webmail

*	Please use your NetID and Password to ensure you are able access WFS <https://urldefense.com/v3/__https:/nwuni.wta-us8.wfs.cloud/workforce/SSO.do__;!!Dq0X2DkFhyF93HkjWTBQKhk!W7QH1PAkJd6wK1EovFGLXfcLknl37klwJSocfzToHFZIUhl6Nx_QEIXEvpMDsm0h0U8eILN9RRsSicRfWFrKSmjkwkSJPhl7YrD3qb8bXQ$> . Let me know if you need training or a refresher. 

 

*	Workforce Software Login - Job Aid <https://www.northwestern.edu/hr/documents/calendar-groups.pdf>   
*	Job Aids - How To - WFS Workforce Software <https://www.northwestern.edu/hr/essentials/hr-systems/timekeeping/instructions.html> 
*	Workforce Software Aid & Quicksteps <https://www.northwestern.edu/hr/documents/time-entry---workforce-software.pdf> . How to access the timesheet, and correct timesheet for multiple jobs/assignments.

Please ensure you can access your university Webmail <https://www.northwestern.edu/webmail/> . 

 

Attached: FY25 Biweekly Pay and Cutoff Dates

 

NU Holiday’s Observance – 2025 <https://www.northwestern.edu/hr/benefits/leaves-holidays/university-scheduled-holidays.html> 

 

Timekeeping Requirements

  Hours Due
   by 4:00 pm

FY PAY PERIODS
Begins         Ends 

Pay Dates

 

 

Thu 8/29/24

Sun 8/18/24

Sat 8/31/24

Fri 9/6/24

 

Thu 9/12/24

Sun 9/1/24

Sat 9/14/24

Fri 9/20/24

 

Thu 9/26/24

Sun 9/15/24

Sat 9/28/24

Fri 10/4/24

 

Thu 10/10/24

Sun 9/29/24

Sat 10/12/24

Fri 10/18/24

 

Thu 10/24/24

Sun 10/13/24

Sat 10/26/24

Fri 11/1/24

 

Thu 11/7/24

Sun 10/27/24

Sat 11/9/24

Fri 11/15/24

 

Tue 11/19/24 **

Sun 11/10/24

Sat 11/23/24

Fri 11/27/24

 

Thu 12/5/24

Sun 11/24/24

Sat 12/7/24

Fri 12/13/24

 

Wed 12/18/24 **

Sun 12/8/24

Sat 12/21/24

Fri 12/27/24

 

Thu 1/2/25 **

Sun 12/22/24

Sat 1/4/25

Fri 1/10/25

 

Thu 1/16/25

Sun 1/5/25

Sat 1/18/25

Fri 1/24/25

 

Thu 1/30/25

Sun 1/19/25

Sat 2/1/25

Fri 2/7/25

 

Thu 2/13/25

Sun 2/2/25

Sat 2/15/25

Fri 2/21/25

 

Thu 2/27/25

Sun 2/16/25

Sat 3/1/25

Fri 3/7/25

 

Thu 3/13/25

Sun 3/2/25

Sat 3/15/25

Fri 3/21/25

 

Thu 3/27/25

Sun 3/16/25

Sat 3/29/25

Fri 4/4/25

 

Thu 4/10/25

Sun 3/30/25

Sat 4/12/25

Fri 4/18/25

 

Thu 4/24/25

Sun 4/13/25

Sat 4/26/25

Fri 5/2/25

 

Thu 5/8/25

Sun 4/27/25

Sat 5/10/25

Fri 5/16/25

 

Thu 5/22/25

Sun 5/11/25

Sat 5/24/25

Fri 5/30/25

 

Thu 6/5/25

Sun 5/25/25

Sat 6/7/25

Fri 6/13/25

 

Thu 6/19/25

Sun 6/8/25

Sat 6/21/25

Fri 6/27/25

 

Thu 7/3/25

Sun 6/22/25

Sat 7/5/25

Fri 7/11/25

 

Thu 7/17/25

Sun 7/6/25

Sat 7/19/25

Fri 7/25/25

 

Thu 7/31/25

Sun 7/20/25

Sat 8/2/25

Fri 8/8/25

 

Thu 8/14/25

Sun 8/3/25

Sat 8/16/25

Fri 8/22/25

 

Thu 8/28/25

Sun 8/17/25

Sat 8/30/25

Fri 9/5/25

 

Thu 9/11/25

Sun 8/31/25

Sat 9/13/25

Fri 9/19/25

 

Thu 9/25/25

Sun 9/14/25

Sat 9/27/25

Fri 10/3/25

 

Thu 10/9/25

Sun 9/28/25

Sat 10/11/25

Fri 10/17/25

 

Thu 10/23/25

Sun 10/12/25

Sat 10/25/25

Fri 10/31/25

 

Thu 11/6/25

Sun 10/26/25

Sat 11/8/25

Fri 11/14/25

 

Thu 11/20/25

Sun 11/9/25

Sat 11/22/25

Fri 11/28/25

 

Thu 12/4/25

Sun 11/23/25

Sat 12/6/25

Fri 12/12/25

 

Thu 12/18/25

Sun 12/7/25

Sat 12/20/25

Fri 12/26/25

 

Thu 1/1/26

Sun 12/21/25

Sat 1/3/26

Fri 1/9/26

 

Thu 1/15/26

Sun 1/4/26

Sat 1/17/26

Fri 1/23/26

 

Thu 1/29/26

Sun 1/18/26

Sat 1/31/26

Fri 2/6/26

 

Thu 2/12/26

Sun 2/1/26

Sat 2/14/26

Fri 2/20/26

 

Thu 2/26/26

Sun 2/15/26

Sat 2/28/26

Fri 3/6/26

 

Thu 3/12/26

Sun 3/1/26

Sat 3/14/26

Fri 3/20/26

 

Thu 3/26/26

Sun 3/15/26

Sat 3/28/26

Fri 4/3/26

 

Thu 4/9/26

Sun 3/29/26

Sat 4/11/26

Fri 4/17/26

 

Thu 4/23/26

Sun 4/12/26

Sat 4/25/26

Fri 5/1/26

 

Thu 5/7/26

Sun 4/26/26

Sat 5/9/26

Fri 5/15/26

 

Thu 5/21/26

Sun 5/10/26

Sat 5/23/26

Fri 5/29/26

 

Thu 6/4/26

Sun 5/24/26

Sat 6/6/26

Fri 6/12/26

 

Thu 6/18/26

Sun 6/7/26

Sat 6/20/26

Fri 6/26/26

 

Thu 7/2/26

Sun 6/21/26

Sat 7/4/26

Fri 7/10/26

 

Thu 7/16/26

Sun 7/5/26

Sat 7/18/26

Fri 7/24/26

 

Thu 7/30/26

Sun 7/19/26

Sat 8/1/26

Fri 8/7/26

								

 

Thanks,

Rita

 

Rita Shorts

Business Administrator 

The Block Museum of Art <https://www.blockmuseum.northwestern.edu/> 

Northwestern University

40 Arts Circle Drive, Room 217

Evanston, Illinois 60208

d-shorts@northwestern.edu <mailto:d-shorts@northwestern.edu> 

847.491.4002 <tel:847-491-4002> 

Working Partially Remote

 

 

","Block Museum of Art (40 Arts Circle Dr, Evanston, IL)",,"Normal","False","Normal","1"
"Prospective Art History Graduate Student visit ","2/27/2026","3:00:00 PM","2/27/2026","4:00:00 PM","False","False","2/27/2026","2:45:00 PM",,"Corinne Granof;Block Museum;Aaron L Chatman;Rocio Olasimbo","Kathleen Bickford Berzock",,,,"Date: 02/27/2026

Time: 3:00-4:00 PM

Type of Event: Prospective AH Grad Student visit

Name of Group:Prospective AH Grad Student visit

Location: galleries / Living Room / Lobbies

Internal Contact Person(s): Kathleen and Corinne

External Contact Person(s): Caroline Stevens

Guests Expected: 4

Taking Attendance (Y/N): Y

Attendance Total:

Notes: Soujourner Hunt will bring the students here and pick up the students: 

Alina Cui—Medieval, Europe 
Justin Lewis—Modern/Contemporary, African Diaspora
Natalia Revko—Modern/Contemporary, Europe
William Satloff—Early Modern, Europe



","galleries / Living Room / TBD",,"Normal","False","Normal","2"
"BMSA-led Tour: Dept. of Civil & Environmental Engineering","2/27/2026","10:30:00 AM","2/27/2026","11:10:00 AM","False","False","2/27/2026","10:15:00 AM",,"Block Museum;Rocio Olasimbo;James G Stauber;Aaron L Chatman;Kenneth L Watson;Warren G Smith;Isabella Ko;Laurel Ada Anderson",,,,,"Date: 02/27/2026

Time: 10:30AM-11:30AM

Type of Event: BMSA-led tour

Name of Group: Dept. of Civil & Environmental Engineering

Location: Main gallery (Tó Łitso)

Internal Contact Person(s): Ethan

External Contact Person(s):  

Guests Expected: TBD

Taking Attendance (Y/N): Y 

Attendance Total:

Notes:

","",,"Normal","False","Normal","1"
"Crozier pick-up","2/19/2026","10:00:00 AM","2/19/2026","12:00:00 PM","False","False","2/19/2026","9:45:00 AM","Kristina Marie Bottomley","Aaron L Chatman;Dan Silverstein;James G Stauber;Vincent L Taylor;Joe Scott;Liz Rudnick;Robert Bradley Martin;Rocio Olasimbo",,,,,"Date: 2/19/26

Time: 10am-12pm

Type of Event: Art Shipment

Name of Group: Crozier Fine Arts

Location: Front door

Internal Contact Person(s):  Kristina Bottomley

External Contact Person(s): n/a

Guests Expected: n/a

Taking Attendance (Y/N): N

Attendance total: n/a

Notes:  

Hello everyone,

 

Crozier will pick-up one crate from the front door.  

 

Thanks,

Liz

 

SH.2026-13

 

 

 

 

","",,"Normal","False","Normal","3"
"IMC 390: Visual (Re)Presentation: Image, Culture, and Meaning","2/24/2026","3:15:00 PM","2/24/2026","4:50:00 PM","False","False","2/24/2026","3:00:00 PM",,"Katz Classroom;Essi Ronkko;Block Engagement;Block Museum;Aaron L Chatman;Rocio Olasimbo;Kenneth L Watson;James G Stauber;Dr. Rafael O. Matos",,,,,"Date: 02/24/2026

Time: 3:15-4:50 PM

Type of Event: Class visit

Name of Group: IMC 390: Visual (Re)Presentation: Image, Culture, and Meaning

Location: Katz Classroom

Internal Contact Person(s): Essi Rönkkö

External Contact Person(s): Dr. Rafael O. Matos <rafael.matos@northwestern.edu>

Guests Expected: 3

Taking Attendance (Y/N): Y

Attendance Total:

Notes: Please have bins available in the lobby. 





","Katz classroom",,"Normal","False","Normal","1"
"ENG 105: Expository Writing","2/19/2026","2:00:00 PM","2/19/2026","3:20:00 PM","False","False","2/19/2026","1:45:00 PM",,"Katz Classroom;Essi Ronkko;Block Museum;Block Engagement;Aaron L Chatman;Rocio Olasimbo;Kenneth L Watson;James G Stauber;Lisa M Del Torto",,,,,"Date: 02/19/2026

Time: 2:00PM-3:20PM

Type of Event: Class visit

Name of Group: ENG 105: Expository Writing

Location: Katz Classroom, Leffmann Gallery

Internal Contact Person(s): Essi

External Contact Person(s): Lisa M Del Torto <l-torto@northwestern.edu>

Guests Expected: TBD (ca. 11)

Taking Attendance (Y/N): Y

Attendance Total:

Notes: Please have bins available in the lobby.



","Katz classroom; Leffmann Gallery",,"Normal","False","Normal","1"
"BMSA-led Tour: Dept. of Civil & Environmental Engineering","2/20/2026","10:30:00 AM","2/20/2026","11:30:00 AM","False","False","2/20/2026","10:15:00 AM",,"Block Museum;Rocio Olasimbo;James G Stauber;Aaron L Chatman;Kenneth L Watson;Warren G Smith;Isabella Ko;Laurel Ada Anderson",,,,,"Date: 02/20/2026

Time: 10:30AM-11:30AM

Type of Event: BMSA-led tour

Name of Group: Dept. of Civil & Environmental Engineering

Location: Main gallery (Tó Łitso)

Internal Contact Person(s): Ethan

External Contact Person(s):  

Guests Expected: TBD

Taking Attendance (Y/N): Y 

Attendance Total:

Notes:

","",,"Normal","False","Normal","1"
"Cadogan Tate pick-up","2/25/2026","10:00:00 AM","2/25/2026","11:00:00 AM","False","False","2/24/2026","4:00:00 PM","Kristina Marie Bottomley","Aaron L Chatman;Dan Silverstein;James G Stauber;Vincent L Taylor;Joe Scott;Liz Rudnick;Robert Bradley Martin;Rocio Olasimbo",,,,,"Date: 2/25/26

Time: 10-11am

Type of Event: Art Shipment

Name of Group: Cadogan Tate

Location: Front door

Internal Contact Person(s):  Liz Rudnick

External Contact Person(s): n/a

Guests Expected: n/a

Taking Attendance (Y/N): N

Attendance total: n/a

Notes:  

Hello everyone,

 

Cadogan Tate will pick-up one crate from the front door. 

 

Thanks,

Liz

 

SH.2026-11

 

","",,"Normal","False","Normal","1"
"ART_HIST 232: Introduction to the History of Architecture (2 of 3)","2/26/2026","3:00:00 PM","2/26/2026","4:50:00 PM","False","False","2/26/2026","2:45:00 PM",,"Katz Classroom;Essi Ronkko;Block Museum;Block Engagement;Rocio Olasimbo;Aaron L Chatman;Kenneth L Watson;James G Stauber;Hollyamber Kennedy",,,,,"Date: 02/26/2026

Time: 3:00-4:50 PM

Type of Event: Class visit

Name of Group: ART_HIST 232: Introduction to the History of Architecture

Location: Katz Classroom

Internal Contact Person(s): Essi Rönkkö

External Contact Person(s): Hollyamber Kennedy <hollyamber.kennedy@northwestern.edu>

Guests Expected: 16

Taking Attendance (Y/N): Y

Attendance Total:

Notes: Please have bins available in the lobby. NOTE: This reservation consists of two sections:

3:00-3:50 
4:00-4:50



","Katz classroom",,"Normal","False","Normal","1"
"Art_Hist 403 - Object and Materials Seminar (individual visit)","2/17/2026","11:15:00 AM","2/17/2026","12:00:00 PM","False","False","2/17/2026","11:00:00 AM",,"Corinne Granof;Simone Alexandra Cambridge;Katz Classroom;Block Museum;Aaron L Chatman;Rocio Olasimbo;James G Stauber","Essi Ronkko;Liz Rudnick;Kristina Marie Bottomley",,,,"Date: 02/17/2026
Time: 11:15AM-12:00PM
Type of Event: Student visit
Name of Group: ART_HIST 403 Object and Materials Seminar
Location: Katz Classroom
Internal Contact Person(s): Corinne Granof
External Contact Person(s): Yuthika Sharma, yuthika.sharma@northwestern.edu <mailto:yuthika.sharma@northwestern.edu> , and Maria Kokkori, maria.kokkori1@northwestern.edu <mailto:maria.kokkori1@northwestern.edu> ; Simone Cambridge
Guests Expected: 1
Taking Attendance (Y/N): Y
Attendance Total:
Notes: 

","Katz classroom",,"Normal","False","Normal","1"
"VISITOR: Berit Ness","2/19/2026","3:30:00 PM","2/19/2026","4:30:00 PM","False","False","2/19/2026","3:15:00 PM",,"Katz Classroom;Aaron L Chatman;Rocio Olasimbo;James G Stauber;Kenneth L Watson;Block Museum;Essi Ronkko;Block Engagement",,,,,"Date: 02/19/2026

Time: 3:30PM-4:30PM

Type of Event: Research visit

Name of Group: Berit Ness

Location: Katz Classroom

Internal Contact Person(s): Essi

External Contact Person(s): Berit Ness <bness@wisc.edu>

Guests Expected: 1

Taking Attendance (Y/N): Y

Attendance Total:

Notes: 


","Katz classroom",,"Normal","False","Normal","1"
"ART_HIST 403 Object and Materials Seminar (small group visit)","2/9/2026","11:00:00 AM","2/9/2026","12:00:00 PM","False","False","2/9/2026","10:45:00 AM",,"Corinne Granof;Block Museum;Katz Classroom;Rocio Olasimbo;Aaron L Chatman;James G Stauber;Yuthika Sharma;Maria Kokkori;Simone Alexandra Cambridge","Essi Ronkko;Margaret Sagan",,,,"Date: 02/09/2026

Time: 11:00AM-12:00PM

Type of Event: Faculty/student visit

Name of Group: ART_HIST 403 Object and Materials Seminar

Location: Katz Classroom

Internal Contact Person(s): Corinne Granof

External Contact Person(s): Yuthika Sharma, yuthika.sharma@northwestern.edu <mailto:yuthika.sharma@northwestern.edu> , and Maria Kokkori, maria.kokkori1@northwestern.edu <mailto:maria.kokkori1@northwestern.edu> 

Guests Expected: 2-3

Taking Attendance (Y/N): Y

Attendance Total:

Notes: 






","",,"Normal","False","Normal","1"
"Campus Group: NU Athletics","2/12/2026","6:30:00 PM","2/12/2026","7:30:00 PM","False","False","2/12/2026","6:15:00 PM",,"Katz Classroom;Erin Lynn Northington;Block Museum;Rocio Olasimbo;Aaron L Chatman;James G Stauber;Warren G Smith",,,,,"Date: 02/12/2026

Time: 6:30-7:30pm

Type of Event: Campus/co-curricular visit

Name of Group: NU Athletics

Location: Katz Classroom

Internal Contact Person(s): Erin Northington 

External Contact Person(s): Maria Elena Sanchez maria.sanchez@northwestern.edu <mailto:maria.sanchez@northwestern.edu> 

Guests Expected: 4-8

Taking Attendance (Y/N): Y

Attendance Total:

Notes: Please have bins available in the lobby. 

 

","Katz",,"Normal","False","Normal","1"
"VIP visit: Teresa Montoya","2/7/2026","11:00:00 AM","2/7/2026","12:00:00 PM","False","False","2/7/2026","10:45:00 AM",,"Block Museum;Kathleen Bickford Berzock;Jeffery Smith;Aaron L Chatman;Kenneth L Watson;Rocio Olasimbo","Erin Lynn Northington;Margaret Sagan;Isabella Ko",,,,"Date: 02/07/2026

Time:  11:00-12:00pm

Type of Event:  VIP visit

Name of Group: VIP artist visit: Teresa Montoya

Location: Main galleries

Internal Contact Person(s): Erin/Margaret

External Contact Person(s): Teresa Montoya

Guests Expected:  1-2

Taking Attendance (Y/N): N

Attendance Total:

Notes: Kathleen will greet artist Teresa Montoya and walk through the exhibition with her at 11:00am. 

 

","Main galleries",,"Normal","False","Normal","1"
"Campus Group: NU Athletics","2/10/2026","4:00:00 PM","2/10/2026","5:00:00 PM","False","False","2/10/2026","3:45:00 PM",,"Katz Classroom;Erin Lynn Northington;Block Museum;Rocio Olasimbo;Aaron L Chatman;James G Stauber;Block Engagement;Warren G Smith",,,,,"Date: 02/10/2026

Time: 4:00PM-5:00 PM

Type of Event: Campus/co-curricular visit

Name of Group: NU Athletics

Location: Katz Classroom

Internal Contact Person(s): Erin Northington 

External Contact Person(s): Maria Elena Sanchez maria.sanchez@northwestern.edu <mailto:maria.sanchez@northwestern.edu> 

Guests Expected: 4-8

Taking Attendance (Y/N): Y

Attendance Total:

Notes: Please have bins available in the lobby. 

 

","Katz",,"Normal","False","Normal","1"
"VISITOR: Prof. Matos","2/12/2026","3:00:00 PM","2/12/2026","4:00:00 PM","False","False","2/12/2026","2:45:00 PM",,"Katz Classroom;Essi Ronkko;Margaret Sagan;Aaron L Chatman;Rocio Olasimbo;Kenneth L Watson;James G Stauber;Block Museum;Block Engagement",,,,,"Date: 02/12/2026

Time: 3:00PM-4:00 PM

Type of Event: Research visit

Name of Group: Prof. Matos

Location: Katz Classroom

Internal Contact Person(s): Essi

External Contact Person(s): Dr. Rafael O. Matos <rafael.matos@northwestern.edu>

Guests Expected: `1

Taking Attendance (Y/N): Y

Attendance Total:



","Katz classroom",,"Normal","False","Normal","1"
"HOLD for ART HIST 403","2/26/2026","1:00:00 PM","2/26/2026","2:00:00 PM","False","False","2/26/2026","12:45:00 PM",,"Block Museum;Corinne Granof;Katz Classroom;Aaron L Chatman;Rocio Olasimbo;James G Stauber;Kenneth L Watson;Block Engagement;Yuthika Sharma;Maria Kokkori","Essi Ronkko;Margaret Sagan",,,,"Date: 02/26/2026

Time: 1:00PM-2:00 PM

Type of Event: student visits

Name of Group: ART_HIST 403 Object and Materials Seminar

Location: Katz Classroom

Internal Contact Person(s): Corinne Granof

External Contact Person(s): Yuthika Sharma, yuthika.sharma@northwestern.edu <mailto:yuthika.sharma@northwestern.edu> , and Maria Kokkori, maria.kokkori1@northwestern.edu <mailto:maria.kokkori1@northwestern.edu> 

Guests Expected: 4

Taking Attendance (Y/N): Y

Attendance Total:

Notes: Please have bins available in the lobby.



","Katz classroom",,"Normal","False","Normal","2"
"ART_HIST 232: Introduction to the History of Architecture (3 of 3)","2/27/2026","12:00:00 PM","2/27/2026","1:50:00 PM","False","False","2/27/2026","11:45:00 AM",,"Block Museum;Katz Classroom;Essi Ronkko;Block Engagement;Margaret Sagan;Aaron L Chatman;Rocio Olasimbo;Kenneth L Watson;James G Stauber;Hollyamber Kennedy",,,,,"Date: 02/27/2026

Time: 12:00PM-1:50PM

Type of Event: Class visit

Name of Group: ART_HIST 232: Introduction to the History of Architecture

Location: Katz Classroom

Internal Contact Person(s): Essi Rönkkö

External Contact Person(s): Hollyamber Kennedy <hollyamber.kennedy@northwestern.edu>

Guests Expected: 16

Taking Attendance (Y/N): Y

Attendance Total:

Notes: Please have bins available in the lobby. NOTE: This reservation consists of two sections:

12:00-12:50
1:00-1:50 






","Katz classroom",,"Normal","False","Normal","2"
"BMSA-led Tour: Atlas Mentorship, Buffett Institute for Global Affairs","2/11/2026","4:00:00 PM","2/11/2026","5:30:00 PM","False","False","2/11/2026","3:45:00 PM",,"Block Museum;Isabella Ko;Rocio Olasimbo;James G Stauber;Aaron L Chatman;Kenneth L Watson;Warren G Smith;renatoelisanio@u.northwestern.edu","Renato de Souza Elisanio;Grace Lewis",,,,"Date: 02/11/2026

Time: 4:00PM-5:30PM

Type of Event: BMSA-led tour

Name of Group: Atlas Mentorship, Buffett Institute for Global Affairs

Location: Living room, main gallery  

Internal Contact Person(s): Ethan

External Contact Person(s): Renato de Souza Elisanio

Guests Expected: 20 

Taking Attendance (Y/N): Y 

Attendance Total:

Notes: BMSA-led. 773-739-1445 if you need to reach Renato (BMSA that will be leading the tour). 

","",,"Normal","False","Normal","1"
"Self Guided: ENG 105: Who Are Museums For?","2/4/2026","12:30:00 PM","2/4/2026","1:50:00 PM","False","False","2/4/2026","12:15:00 PM",,"Block Museum;Rocio Olasimbo;Aaron L Chatman;James G Stauber;Vincent L Taylor;Block Engagement",,,,,"Date: 02/04/2026

Time:  12:30 - 1:50PM

Type of Event:  Class

Name of Group: Expository Writing (105-0-21) Who Are Museums For?

Location: All galleries

Internal Contact Person(s): Erin

External Contact Person(s): Alice Boone

Guests Expected:  12

Taking Attendance (Y/N): Y

Attendance Total:

Notes: Self-guided class visit from 12 Northwestern students; attending for a class assignment. 

 

","All galleries",,"Normal","False","Normal","2"
"AH 403 student visit","2/4/2026","2:00:00 PM","2/4/2026","3:00:00 PM","False","False","2/4/2026","1:45:00 PM",,"Corinne Granof;Joitree Sumaiya Alam;Antawan I Byrd;Katz Classroom;Rocio Olasimbo;Aaron L Chatman;James G Stauber;Kirsten Lopez","Essi Ronkko;Margaret Sagan",,,,"Date: 02/04/2026

Time: 2:00PM-3:00 PM

Type of Event: student visit

Name of Group: ART_HIST 403 Object and Materials Seminar

Location: Katz Classroom

Internal Contact Person(s): Corinne Granof

External Contact Person(s): Joitree Alam; Antawan Byrd

Guests Expected: 2

Taking Attendance (Y/N): Y

Attendance Total:

Notes:


","Katz classroom",,"Normal","False","Normal","2"
"Ryan Davies crate packing","2/20/2026","1:00:00 PM","2/20/2026","4:00:00 PM","False","False","2/20/2026","12:45:00 PM","Kristina Marie Bottomley","Aaron L Chatman;Dan Silverstein;James G Stauber;Vincent L Taylor;Joe Scott;Liz Rudnick;Robert Bradley Martin;Rocio Olasimbo",,,,,"Date: 2/20/26

Time: 1pm-4pm

Type of Event: Art Shipment

Name of Group: Ryan Davies

Location: Dock

Internal Contact Person(s):  Liz Rudnick

External Contact Person(s): n/a

Guests Expected: n/a

Taking Attendance (Y/N): N

Attendance total: n/a

Notes:  

Hello everyone,

 

Ryan Davies will deliver two works to Point 45 and then pack a crate in the EMSC.

 

Thanks,

Liz

 

 SH.2026-12

 

","",,"Normal","False","Normal","1"
"ART_HIST 330: Renaissance Worlds","2/11/2026","1:00:00 PM","2/11/2026","1:45:00 PM","False","False","2/11/2026","12:45:00 PM",,"Block Museum;Essi Ronkko;Margaret Sagan;Block Engagement;Katz Classroom;Aaron L Chatman;Rocio Olasimbo;Kenneth L Watson;James G Stauber;Rebecca Zorach",,,,,"Date: 02/11/2026

Time: 1:00PM-1:45 PM

Type of Event: Class visit

Name of Group: ART_HIST 330: Renaissance Worlds

Location: Katz Classroom

Internal Contact Person(s): Essi Rönkkö

External Contact Person(s): Laura Rybicki <LauraRybicki2030@u.northwestern.edu <mailto:LauraRybicki2030@u.northwestern.edu> >, Rebecca Zorach <rebecca.zorach@northwestern.edu>

Guests Expected: 1-2

Taking Attendance (Y/N): Y

Attendance Total:

Notes: 


","Katz classroom",,"Normal","False","Normal","1"
"ART_HIST 330: Renaissance Worlds","2/16/2026","4:00:00 PM","2/16/2026","5:00:00 PM","False","False","2/16/2026","3:45:00 PM",,"Block Museum;Essi Ronkko;Margaret Sagan;Block Engagement;Katz Classroom;Aaron L Chatman;Rocio Olasimbo;Kenneth L Watson;James G Stauber;Rebecca Zorach",,,,,"Date: 02/16/2026

Time: 4:00PM-5:00 PM

Type of Event: Class visit

Name of Group: ART_HIST 330: Renaissance Worlds

Location: Katz Classroom

Internal Contact Person(s): Essi Rönkkö

External Contact Person(s): Rebecca Zorach <rebecca.zorach@northwestern.edu>

Guests Expected: TBD

Taking Attendance (Y/N): Y

Attendance Total:

Notes: Please have bins available in the lobby. 





","Katz classroom",,"Normal","False","Normal","1"
"SELF GUIDED Tour: Museum Sound Design Class","2/27/2026","11:00:00 AM","2/27/2026","12:00:00 PM","False","False","2/27/2026","10:45:00 AM",,"Block Museum;Rocio Olasimbo;James G Stauber;Aaron L Chatman;Kenneth L Watson;Warren G Smith;Isabella Ko;Kathleen Bickford Berzock",,,,,"Date: 02/27/2026

Time: 11:00AM-12:00PM

Type of Event: self-guided tour

Name of Group: Museum Sound Design Class

Location: Main gallery  

Internal Contact Person(s): n/a (Kathleen sick so no longer leading this)

External Contact Person(s): Matt Test 

Guests Expected: 10

Taking Attendance (Y/N): Y 

Attendance Total:

Notes: Curatorial-led by Kathleen. Please have bins out for students.

","",,"Normal","False","Normal","1"
"Canceled: All Staff Meeting","2/2/2026","4:00:00 PM","2/2/2026","5:00:00 PM","False","True","2/2/2026","3:45:00 PM","Block Museum","Delois Ann Brown;Zachary M Austin;Nathan Anthony Clarke;Rocio Olasimbo;Drake K Bulwa;Vincent L Taylor;Leonard Gaines;Lori Hanna Boyer;warreng1906@yahoo.com","Rocio Castillo",,,,"





________________________________________________________________________________ 


Join Microsoft Teams Meeting <https://teams.microsoft.com/l/meetup-join/19%3ameeting_MTNmYzc2MjQtMjI0Mi00MDZkLWFmMzQtNjhkMjhhNWRkNzQ5%40thread.v2/0?context=%7b%22Tid%22%3a%227d76d361-8277-4708-a477-64e8366cd1bc%22%2c%22Oid%22%3a%223eacc926-c6dc-4409-9afd-e31c2dcfb9bf%22%7d>  


Learn more about Teams <https://aka.ms/JoinTeamsMeeting>  | Meeting options <https://teams.microsoft.com/meetingOptions/?organizerId=3eacc926-c6dc-4409-9afd-e31c2dcfb9bf&tenantId=7d76d361-8277-4708-a477-64e8366cd1bc&threadId=19_meeting_MTNmYzc2MjQtMjI0Mi00MDZkLWFmMzQtNjhkMjhhNWRkNzQ5@thread.v2&messageId=0&language=en>  


________________________________________________________________________________ 





","Microsoft Teams Meeting",,"Normal","False","Normal","3"
"Canceled: All Staff Meeting","2/9/2026","4:00:00 PM","2/9/2026","5:00:00 PM","False","True","2/9/2026","3:45:00 PM","Block Museum","Delois Ann Brown;Zachary M Austin;Nathan Anthony Clarke;Rocio Olasimbo;Drake K Bulwa;Vincent L Taylor;Leonard Gaines;Lori Hanna Boyer;warreng1906@yahoo.com","Rocio Castillo",,,,"





________________________________________________________________________________ 


Join Microsoft Teams Meeting <https://teams.microsoft.com/l/meetup-join/19%3ameeting_MTNmYzc2MjQtMjI0Mi00MDZkLWFmMzQtNjhkMjhhNWRkNzQ5%40thread.v2/0?context=%7b%22Tid%22%3a%227d76d361-8277-4708-a477-64e8366cd1bc%22%2c%22Oid%22%3a%223eacc926-c6dc-4409-9afd-e31c2dcfb9bf%22%7d>  


Learn more about Teams <https://aka.ms/JoinTeamsMeeting>  | Meeting options <https://teams.microsoft.com/meetingOptions/?organizerId=3eacc926-c6dc-4409-9afd-e31c2dcfb9bf&tenantId=7d76d361-8277-4708-a477-64e8366cd1bc&threadId=19_meeting_MTNmYzc2MjQtMjI0Mi00MDZkLWFmMzQtNjhkMjhhNWRkNzQ5@thread.v2&messageId=0&language=en>  


________________________________________________________________________________ 





","Microsoft Teams Meeting",,"Normal","False","Normal","3"
"Canceled: All Staff Meeting","2/16/2026","4:00:00 PM","2/16/2026","5:00:00 PM","False","True","2/16/2026","3:45:00 PM","Block Museum","Delois Ann Brown;Zachary M Austin;Nathan Anthony Clarke;Rocio Olasimbo;Drake K Bulwa;Vincent L Taylor;Leonard Gaines;Lori Hanna Boyer;warreng1906@yahoo.com","Rocio Castillo",,,,"





________________________________________________________________________________ 


Join Microsoft Teams Meeting <https://teams.microsoft.com/l/meetup-join/19%3ameeting_MTNmYzc2MjQtMjI0Mi00MDZkLWFmMzQtNjhkMjhhNWRkNzQ5%40thread.v2/0?context=%7b%22Tid%22%3a%227d76d361-8277-4708-a477-64e8366cd1bc%22%2c%22Oid%22%3a%223eacc926-c6dc-4409-9afd-e31c2dcfb9bf%22%7d>  


Learn more about Teams <https://aka.ms/JoinTeamsMeeting>  | Meeting options <https://teams.microsoft.com/meetingOptions/?organizerId=3eacc926-c6dc-4409-9afd-e31c2dcfb9bf&tenantId=7d76d361-8277-4708-a477-64e8366cd1bc&threadId=19_meeting_MTNmYzc2MjQtMjI0Mi00MDZkLWFmMzQtNjhkMjhhNWRkNzQ5@thread.v2&messageId=0&language=en>  


________________________________________________________________________________ 





","Microsoft Teams Meeting",,"Normal","False","Normal","3"
"Canceled: All Staff Meeting","2/23/2026","4:00:00 PM","2/23/2026","5:00:00 PM","False","True","2/23/2026","3:45:00 PM","Block Museum","Delois Ann Brown;Zachary M Austin;Nathan Anthony Clarke;Rocio Olasimbo;Drake K Bulwa;Vincent L Taylor;Leonard Gaines;Lori Hanna Boyer;warreng1906@yahoo.com","Rocio Castillo",,,,"





________________________________________________________________________________ 


Join Microsoft Teams Meeting <https://teams.microsoft.com/l/meetup-join/19%3ameeting_MTNmYzc2MjQtMjI0Mi00MDZkLWFmMzQtNjhkMjhhNWRkNzQ5%40thread.v2/0?context=%7b%22Tid%22%3a%227d76d361-8277-4708-a477-64e8366cd1bc%22%2c%22Oid%22%3a%223eacc926-c6dc-4409-9afd-e31c2dcfb9bf%22%7d>  


Learn more about Teams <https://aka.ms/JoinTeamsMeeting>  | Meeting options <https://teams.microsoft.com/meetingOptions/?organizerId=3eacc926-c6dc-4409-9afd-e31c2dcfb9bf&tenantId=7d76d361-8277-4708-a477-64e8366cd1bc&threadId=19_meeting_MTNmYzc2MjQtMjI0Mi00MDZkLWFmMzQtNjhkMjhhNWRkNzQ5@thread.v2&messageId=0&language=en>  


________________________________________________________________________________ 





","Microsoft Teams Meeting",,"Normal","False","Normal","3"
"Canceled: This is an automated reminder that your Kronos Time Entry must be up to date","2/1/2026","8:00:00 AM","2/1/2026","8:30:00 AM","False","True","2/1/2026","7:45:00 AM","Rita Shorts","Jeffery Smith;Aaron L Chatman;Vincent L Taylor;Rocio Olasimbo;Zachary M Austin;Zachary Austin;Delois Ann Brown;deloisbrown888@gmail.com;Melanie Adele Coffey;kaf7528@e.northwestern.edu;Ashlee P Ingram;ashlee.p.ingram@gmail.com;Jonathan Aaron Peppers;jonathan peppers;Ruth Reyes;reyesruth48@gmail.com;Warren G Smith;warreng1906@yahoo.com;Adele Sandra Marchiando;Jack Sutter Benson;Kelsey Olivia Nickens;clarke10n@yahoo.com;justinetiu2021@u.northwestern.edu;Mako Satoh Yamamoto;Sierra Kaila Thoulouis;Mia Venezia;Jacob Alexander May",,,,,"To All Visitor Services Staff – I am available to you Thursdays from 4pm until 5 pm. Please feel free to stop in my office during this time if you need assistance.  I am also available to you remotely on Saturdays by phone at 847-491-4002 from 9:45 am until 10:45 am. I will see your missed call and call you back. 

------------
------------
Dear Colleagues,  Please note: Declining this notification means you have received it and did not enter your hours.  Please contact your Supervisor.

*****Supervisor…You are copied here. Please ensure your employees have entered their hours*****

It is the responsibility of each employee to ensure your direct deposit is up to date. Please check it now. 
 
This is an automated kind and important reminder…..Kronos updates are due for the hours you have worked this current pay period. Please see the calendar of dates below.  
 
Timesheets must have all hours entered by 5:00 pm on the dates in the Hours Due column.  I will follow up with approval of your timesheet. 

Here is a link to the VPN instructions if need http://www.it.northwestern.edu/oncampus/vpn/

KRONOS Time Entry System: https://www-kronos.itcs.northwestern.edu/wfc/applications/wtk/html/ess/logon.jsp

KRONOS Aid & Quicksteps, Multi-job access: https://www.northwestern.edu/hr/documents/work-essentials/kronos_quicksteps_biweeklyentry.pdf

Please let me know if you have any questions, or need assistance. “Remember, you must do the 1st column if you want the last column.”  You earned it!
Added incentive below.
 


   Hours Due
   by 5:00 pm	 FY20 PAY PERIOD
Begins         Ends 	Pay Dates	
Thursday 10/3/19	9/22/2019	10/5/2019	10/11/2019	
Thursday 10/17/19	10/6/2019	10/19/2019	10/25/2019	
Thursday 10/31/19	10/20/2019	11/2/2019	11/8/2019	
Thursday 11/14/19	11/3/2019	11/16/2019	11/22/2019	
Tuesday 11/26/19	11/17/2019	11/30/2019	12/6/2019	
Thursday 12/12/19	12/1/2019	12/14/2019	12/20/2019	
Thursday 12/19/19	12/15/2019	12/28/2019	1/3/2020	
Thursday 1/9/20	12/29/2019	1/11/2020	1/17/2020	
Wednesday, 1/22/2020	1/12/2020	1/25/2020	1/31/2020	
Thursday, 2/6/2020	1/26/2020	2/8/2020	2/14/2020	
Wednesday, 2/19/2020	2/9/2020	2/22/2020	2/28/2020	
Thursday, 3/5/2020	2/23/2020	3/7/2020	3/13/2020	
Thursday, 3/19/2020	3/8/2020	3/21/2020	3/27/2020	
Thursday, 4/2/2020	3/22/2020	4/4/2020	4/10/2020	
Thursday, 4/16/2020	4/5/2020	4/18/2020	4/24/2020	
Thursday, 4/30/2020	4/19/2020	5/2/2020	5/8/2020	
Thursday, 5/14/2020	5/3/2020	5/16/2020	5/22/2020	
Thursday, 5/28/2020	5/17/2020	5/30/2020	6/5/2020	
Thursday, 6/11/2020	5/31/2020	6/13/2020	6/19/2020	
Thursday, 6/25/2020	6/14/2020	6/27/2020	7/2/2020	
Thursday, 7/9/2020	6/28/2020	7/11/2020	7/17/2020	
Wednesday, 7/22/2020	7/12/2020	7/25/2020	7/31/2020	
Thursday, 8/6/2020	7/26/2020	8/8/2020	8/14/2020	
Thursday, 8/20/2020	8/9/2020	8/22/2020	8/28/2020	
Thursday, 9/3/2020	8/23/2020	9/5/2020	9/11/2020	
Thursday, 9/17/2020	9/6/2020	9/19/2020	9/25/2020	
Thursday, 10/1/2020	9/20/2020	10/3/2020	10/9/2020	
Thursday, 10/15/2020	10/4/2020	10/17/2020	10/23/2020	
Thursday, 10/29/2020	10/18/2020	10/31/2020	11/6/2020	
Thursday, 11/12/2020	11/1/2020	11/14/2020	11/20/2020	
Tuesday, 11/24/2020	11/15/2020	11/28/2020	12/4/2020	
Thursday, 12/10/2020	11/29/2020	12/12/2020	12/18/2020	
Wednesday, 12/16/2020	12/13/2020	12/26/2020	12/30/2020	
Tuesday, 1/7/2020	12/27/2020	1/9/2021	1/15/2021	



Here’s an added incentive: See attachment. Your name in cell D3, Time entry examples: 9 a, 9:15 a, 6:26 p	

Column L - Non Work-study
Column M - Tracks your Work-study Award Balance 



 


Thanks,
Rita
 
Rita Shorts
Business Administrator 
Mary & Leigh Block Museum of Art
Northwestern University
40 Arts Circle Drive, Room 217
Evanston, Illinois 60208
 
847-491-4002 <tel:847-491-4002>  Phone
847-491-2261 <tel:847-491-2261>  Fax
d-shorts@northwestern.edu <mailto:d-shorts@northwestern.edu> 

","Jeff's Office ",,"High","False","Normal","3"
"Canceled: This is an automated reminder that your Kronos Time Entry must be up to date","2/2/2026","8:00:00 AM","2/2/2026","8:30:00 AM","False","True","2/2/2026","7:45:00 AM","Rita Shorts","Jeffery Smith;Aaron L Chatman;Vincent L Taylor;Rocio Olasimbo;Zachary M Austin;Zachary Austin;Delois Ann Brown;deloisbrown888@gmail.com;Melanie Adele Coffey;kaf7528@e.northwestern.edu;Ashlee P Ingram;ashlee.p.ingram@gmail.com;Jonathan Aaron Peppers;jonathan peppers;Ruth Reyes;reyesruth48@gmail.com;Warren G Smith;warreng1906@yahoo.com;Adele Sandra Marchiando;Jack Sutter Benson;Kelsey Olivia Nickens;clarke10n@yahoo.com;justinetiu2021@u.northwestern.edu;Mako Satoh Yamamoto;Sierra Kaila Thoulouis;Mia Venezia;Jacob Alexander May",,,,,"To All Visitor Services Staff – I am available to you Thursdays from 4pm until 5 pm. Please feel free to stop in my office during this time if you need assistance.  I am also available to you remotely on Saturdays by phone at 847-491-4002 from 9:45 am until 10:45 am. I will see your missed call and call you back. 

------------
------------
Dear Colleagues,  Please note: Declining this notification means you have received it and did not enter your hours.  Please contact your Supervisor.

*****Supervisor…You are copied here. Please ensure your employees have entered their hours*****

It is the responsibility of each employee to ensure your direct deposit is up to date. Please check it now. 
 
This is an automated kind and important reminder…..Kronos updates are due for the hours you have worked this current pay period. Please see the calendar of dates below.  
 
Timesheets must have all hours entered by 5:00 pm on the dates in the Hours Due column.  I will follow up with approval of your timesheet. 

Here is a link to the VPN instructions if need http://www.it.northwestern.edu/oncampus/vpn/

KRONOS Time Entry System: https://www-kronos.itcs.northwestern.edu/wfc/applications/wtk/html/ess/logon.jsp

KRONOS Aid & Quicksteps, Multi-job access: https://www.northwestern.edu/hr/documents/work-essentials/kronos_quicksteps_biweeklyentry.pdf

Please let me know if you have any questions, or need assistance. “Remember, you must do the 1st column if you want the last column.”  You earned it!
Added incentive below.
 


   Hours Due
   by 5:00 pm	 FY20 PAY PERIOD
Begins         Ends 	Pay Dates	
Thursday 10/3/19	9/22/2019	10/5/2019	10/11/2019	
Thursday 10/17/19	10/6/2019	10/19/2019	10/25/2019	
Thursday 10/31/19	10/20/2019	11/2/2019	11/8/2019	
Thursday 11/14/19	11/3/2019	11/16/2019	11/22/2019	
Tuesday 11/26/19	11/17/2019	11/30/2019	12/6/2019	
Thursday 12/12/19	12/1/2019	12/14/2019	12/20/2019	
Thursday 12/19/19	12/15/2019	12/28/2019	1/3/2020	
Thursday 1/9/20	12/29/2019	1/11/2020	1/17/2020	
Wednesday, 1/22/2020	1/12/2020	1/25/2020	1/31/2020	
Thursday, 2/6/2020	1/26/2020	2/8/2020	2/14/2020	
Wednesday, 2/19/2020	2/9/2020	2/22/2020	2/28/2020	
Thursday, 3/5/2020	2/23/2020	3/7/2020	3/13/2020	
Thursday, 3/19/2020	3/8/2020	3/21/2020	3/27/2020	
Thursday, 4/2/2020	3/22/2020	4/4/2020	4/10/2020	
Thursday, 4/16/2020	4/5/2020	4/18/2020	4/24/2020	
Thursday, 4/30/2020	4/19/2020	5/2/2020	5/8/2020	
Thursday, 5/14/2020	5/3/2020	5/16/2020	5/22/2020	
Thursday, 5/28/2020	5/17/2020	5/30/2020	6/5/2020	
Thursday, 6/11/2020	5/31/2020	6/13/2020	6/19/2020	
Thursday, 6/25/2020	6/14/2020	6/27/2020	7/2/2020	
Thursday, 7/9/2020	6/28/2020	7/11/2020	7/17/2020	
Wednesday, 7/22/2020	7/12/2020	7/25/2020	7/31/2020	
Thursday, 8/6/2020	7/26/2020	8/8/2020	8/14/2020	
Thursday, 8/20/2020	8/9/2020	8/22/2020	8/28/2020	
Thursday, 9/3/2020	8/23/2020	9/5/2020	9/11/2020	
Thursday, 9/17/2020	9/6/2020	9/19/2020	9/25/2020	
Thursday, 10/1/2020	9/20/2020	10/3/2020	10/9/2020	
Thursday, 10/15/2020	10/4/2020	10/17/2020	10/23/2020	
Thursday, 10/29/2020	10/18/2020	10/31/2020	11/6/2020	
Thursday, 11/12/2020	11/1/2020	11/14/2020	11/20/2020	
Tuesday, 11/24/2020	11/15/2020	11/28/2020	12/4/2020	
Thursday, 12/10/2020	11/29/2020	12/12/2020	12/18/2020	
Wednesday, 12/16/2020	12/13/2020	12/26/2020	12/30/2020	
Tuesday, 1/7/2020	12/27/2020	1/9/2021	1/15/2021	



Here’s an added incentive: See attachment. Your name in cell D3, Time entry examples: 9 a, 9:15 a, 6:26 p	

Column L - Non Work-study
Column M - Tracks your Work-study Award Balance 



 


Thanks,
Rita
 
Rita Shorts
Business Administrator 
Mary & Leigh Block Museum of Art
Northwestern University
40 Arts Circle Drive, Room 217
Evanston, Illinois 60208
 
847-491-4002 <tel:847-491-4002>  Phone
847-491-2261 <tel:847-491-2261>  Fax
d-shorts@northwestern.edu <mailto:d-shorts@northwestern.edu> 

","Jeff's Office ",,"High","False","Normal","3"
"Canceled: This is an automated reminder that your Kronos Time Entry must be up to date","2/4/2026","8:00:00 AM","2/4/2026","8:30:00 AM","False","True","2/4/2026","7:45:00 AM","Rita Shorts","Jeffery Smith;Aaron L Chatman;Vincent L Taylor;Rocio Olasimbo;Zachary M Austin;Zachary Austin;Delois Ann Brown;deloisbrown888@gmail.com;Melanie Adele Coffey;kaf7528@e.northwestern.edu;Ashlee P Ingram;ashlee.p.ingram@gmail.com;Jonathan Aaron Peppers;jonathan peppers;Ruth Reyes;reyesruth48@gmail.com;Warren G Smith;warreng1906@yahoo.com;Adele Sandra Marchiando;Jack Sutter Benson;Kelsey Olivia Nickens;clarke10n@yahoo.com;justinetiu2021@u.northwestern.edu;Mako Satoh Yamamoto;Sierra Kaila Thoulouis;Mia Venezia;Jacob Alexander May",,,,,"To All Visitor Services Staff – I am available to you Thursdays from 4pm until 5 pm. Please feel free to stop in my office during this time if you need assistance.  I am also available to you remotely on Saturdays by phone at 847-491-4002 from 9:45 am until 10:45 am. I will see your missed call and call you back. 

------------
------------
Dear Colleagues,  Please note: Declining this notification means you have received it and did not enter your hours.  Please contact your Supervisor.

*****Supervisor…You are copied here. Please ensure your employees have entered their hours*****

It is the responsibility of each employee to ensure your direct deposit is up to date. Please check it now. 
 
This is an automated kind and important reminder…..Kronos updates are due for the hours you have worked this current pay period. Please see the calendar of dates below.  
 
Timesheets must have all hours entered by 5:00 pm on the dates in the Hours Due column.  I will follow up with approval of your timesheet. 

Here is a link to the VPN instructions if need http://www.it.northwestern.edu/oncampus/vpn/

KRONOS Time Entry System: https://www-kronos.itcs.northwestern.edu/wfc/applications/wtk/html/ess/logon.jsp

KRONOS Aid & Quicksteps, Multi-job access: https://www.northwestern.edu/hr/documents/work-essentials/kronos_quicksteps_biweeklyentry.pdf

Please let me know if you have any questions, or need assistance. “Remember, you must do the 1st column if you want the last column.”  You earned it!
Added incentive below.
 


   Hours Due
   by 5:00 pm	 FY20 PAY PERIOD
Begins         Ends 	Pay Dates	
Thursday 10/3/19	9/22/2019	10/5/2019	10/11/2019	
Thursday 10/17/19	10/6/2019	10/19/2019	10/25/2019	
Thursday 10/31/19	10/20/2019	11/2/2019	11/8/2019	
Thursday 11/14/19	11/3/2019	11/16/2019	11/22/2019	
Tuesday 11/26/19	11/17/2019	11/30/2019	12/6/2019	
Thursday 12/12/19	12/1/2019	12/14/2019	12/20/2019	
Thursday 12/19/19	12/15/2019	12/28/2019	1/3/2020	
Thursday 1/9/20	12/29/2019	1/11/2020	1/17/2020	
Wednesday, 1/22/2020	1/12/2020	1/25/2020	1/31/2020	
Thursday, 2/6/2020	1/26/2020	2/8/2020	2/14/2020	
Wednesday, 2/19/2020	2/9/2020	2/22/2020	2/28/2020	
Thursday, 3/5/2020	2/23/2020	3/7/2020	3/13/2020	
Thursday, 3/19/2020	3/8/2020	3/21/2020	3/27/2020	
Thursday, 4/2/2020	3/22/2020	4/4/2020	4/10/2020	
Thursday, 4/16/2020	4/5/2020	4/18/2020	4/24/2020	
Thursday, 4/30/2020	4/19/2020	5/2/2020	5/8/2020	
Thursday, 5/14/2020	5/3/2020	5/16/2020	5/22/2020	
Thursday, 5/28/2020	5/17/2020	5/30/2020	6/5/2020	
Thursday, 6/11/2020	5/31/2020	6/13/2020	6/19/2020	
Thursday, 6/25/2020	6/14/2020	6/27/2020	7/2/2020	
Thursday, 7/9/2020	6/28/2020	7/11/2020	7/17/2020	
Wednesday, 7/22/2020	7/12/2020	7/25/2020	7/31/2020	
Thursday, 8/6/2020	7/26/2020	8/8/2020	8/14/2020	
Thursday, 8/20/2020	8/9/2020	8/22/2020	8/28/2020	
Thursday, 9/3/2020	8/23/2020	9/5/2020	9/11/2020	
Thursday, 9/17/2020	9/6/2020	9/19/2020	9/25/2020	
Thursday, 10/1/2020	9/20/2020	10/3/2020	10/9/2020	
Thursday, 10/15/2020	10/4/2020	10/17/2020	10/23/2020	
Thursday, 10/29/2020	10/18/2020	10/31/2020	11/6/2020	
Thursday, 11/12/2020	11/1/2020	11/14/2020	11/20/2020	
Tuesday, 11/24/2020	11/15/2020	11/28/2020	12/4/2020	
Thursday, 12/10/2020	11/29/2020	12/12/2020	12/18/2020	
Wednesday, 12/16/2020	12/13/2020	12/26/2020	12/30/2020	
Tuesday, 1/7/2020	12/27/2020	1/9/2021	1/15/2021	



Here’s an added incentive: See attachment. Your name in cell D3, Time entry examples: 9 a, 9:15 a, 6:26 p	

Column L - Non Work-study
Column M - Tracks your Work-study Award Balance 



 


Thanks,
Rita
 
Rita Shorts
Business Administrator 
Mary & Leigh Block Museum of Art
Northwestern University
40 Arts Circle Drive, Room 217
Evanston, Illinois 60208
 
847-491-4002 <tel:847-491-4002>  Phone
847-491-2261 <tel:847-491-2261>  Fax
d-shorts@northwestern.edu <mailto:d-shorts@northwestern.edu> 

","Jeff's Office ",,"High","False","Normal","3"
"Canceled: This is an automated reminder that your Kronos Time Entry must be up to date","2/6/2026","8:00:00 AM","2/6/2026","8:30:00 AM","False","True","2/6/2026","7:45:00 AM","Rita Shorts","Jeffery Smith;Aaron L Chatman;Vincent L Taylor;Rocio Olasimbo;Zachary M Austin;Zachary Austin;Delois Ann Brown;deloisbrown888@gmail.com;Melanie Adele Coffey;kaf7528@e.northwestern.edu;Ashlee P Ingram;ashlee.p.ingram@gmail.com;Jonathan Aaron Peppers;jonathan peppers;Ruth Reyes;reyesruth48@gmail.com;Warren G Smith;warreng1906@yahoo.com;Adele Sandra Marchiando;Jack Sutter Benson;Kelsey Olivia Nickens;clarke10n@yahoo.com;justinetiu2021@u.northwestern.edu;Mako Satoh Yamamoto;Sierra Kaila Thoulouis;Mia Venezia;Jacob Alexander May",,,,,"To All Visitor Services Staff – I am available to you Thursdays from 4pm until 5 pm. Please feel free to stop in my office during this time if you need assistance.  I am also available to you remotely on Saturdays by phone at 847-491-4002 from 9:45 am until 10:45 am. I will see your missed call and call you back. 

------------
------------
Dear Colleagues,  Please note: Declining this notification means you have received it and did not enter your hours.  Please contact your Supervisor.

*****Supervisor…You are copied here. Please ensure your employees have entered their hours*****

It is the responsibility of each employee to ensure your direct deposit is up to date. Please check it now. 
 
This is an automated kind and important reminder…..Kronos updates are due for the hours you have worked this current pay period. Please see the calendar of dates below.  
 
Timesheets must have all hours entered by 5:00 pm on the dates in the Hours Due column.  I will follow up with approval of your timesheet. 

Here is a link to the VPN instructions if need http://www.it.northwestern.edu/oncampus/vpn/

KRONOS Time Entry System: https://www-kronos.itcs.northwestern.edu/wfc/applications/wtk/html/ess/logon.jsp

KRONOS Aid & Quicksteps, Multi-job access: https://www.northwestern.edu/hr/documents/work-essentials/kronos_quicksteps_biweeklyentry.pdf

Please let me know if you have any questions, or need assistance. “Remember, you must do the 1st column if you want the last column.”  You earned it!
Added incentive below.
 


   Hours Due
   by 5:00 pm	 FY20 PAY PERIOD
Begins         Ends 	Pay Dates	
Thursday 10/3/19	9/22/2019	10/5/2019	10/11/2019	
Thursday 10/17/19	10/6/2019	10/19/2019	10/25/2019	
Thursday 10/31/19	10/20/2019	11/2/2019	11/8/2019	
Thursday 11/14/19	11/3/2019	11/16/2019	11/22/2019	
Tuesday 11/26/19	11/17/2019	11/30/2019	12/6/2019	
Thursday 12/12/19	12/1/2019	12/14/2019	12/20/2019	
Thursday 12/19/19	12/15/2019	12/28/2019	1/3/2020	
Thursday 1/9/20	12/29/2019	1/11/2020	1/17/2020	
Wednesday, 1/22/2020	1/12/2020	1/25/2020	1/31/2020	
Thursday, 2/6/2020	1/26/2020	2/8/2020	2/14/2020	
Wednesday, 2/19/2020	2/9/2020	2/22/2020	2/28/2020	
Thursday, 3/5/2020	2/23/2020	3/7/2020	3/13/2020	
Thursday, 3/19/2020	3/8/2020	3/21/2020	3/27/2020	
Thursday, 4/2/2020	3/22/2020	4/4/2020	4/10/2020	
Thursday, 4/16/2020	4/5/2020	4/18/2020	4/24/2020	
Thursday, 4/30/2020	4/19/2020	5/2/2020	5/8/2020	
Thursday, 5/14/2020	5/3/2020	5/16/2020	5/22/2020	
Thursday, 5/28/2020	5/17/2020	5/30/2020	6/5/2020	
Thursday, 6/11/2020	5/31/2020	6/13/2020	6/19/2020	
Thursday, 6/25/2020	6/14/2020	6/27/2020	7/2/2020	
Thursday, 7/9/2020	6/28/2020	7/11/2020	7/17/2020	
Wednesday, 7/22/2020	7/12/2020	7/25/2020	7/31/2020	
Thursday, 8/6/2020	7/26/2020	8/8/2020	8/14/2020	
Thursday, 8/20/2020	8/9/2020	8/22/2020	8/28/2020	
Thursday, 9/3/2020	8/23/2020	9/5/2020	9/11/2020	
Thursday, 9/17/2020	9/6/2020	9/19/2020	9/25/2020	
Thursday, 10/1/2020	9/20/2020	10/3/2020	10/9/2020	
Thursday, 10/15/2020	10/4/2020	10/17/2020	10/23/2020	
Thursday, 10/29/2020	10/18/2020	10/31/2020	11/6/2020	
Thursday, 11/12/2020	11/1/2020	11/14/2020	11/20/2020	
Tuesday, 11/24/2020	11/15/2020	11/28/2020	12/4/2020	
Thursday, 12/10/2020	11/29/2020	12/12/2020	12/18/2020	
Wednesday, 12/16/2020	12/13/2020	12/26/2020	12/30/2020	
Tuesday, 1/7/2020	12/27/2020	1/9/2021	1/15/2021	



Here’s an added incentive: See attachment. Your name in cell D3, Time entry examples: 9 a, 9:15 a, 6:26 p	

Column L - Non Work-study
Column M - Tracks your Work-study Award Balance 



 


Thanks,
Rita
 
Rita Shorts
Business Administrator 
Mary & Leigh Block Museum of Art
Northwestern University
40 Arts Circle Drive, Room 217
Evanston, Illinois 60208
 
847-491-4002 <tel:847-491-4002>  Phone
847-491-2261 <tel:847-491-2261>  Fax
d-shorts@northwestern.edu <mailto:d-shorts@northwestern.edu> 

","Jeff's Office ",,"High","False","Normal","3"
"Canceled: This is an automated reminder that your Kronos Time Entry must be up to date","2/7/2026","8:00:00 AM","2/7/2026","8:30:00 AM","False","True","2/7/2026","7:45:00 AM","Rita Shorts","Jeffery Smith;Aaron L Chatman;Vincent L Taylor;Rocio Olasimbo;Zachary M Austin;Zachary Austin;Delois Ann Brown;deloisbrown888@gmail.com;Melanie Adele Coffey;kaf7528@e.northwestern.edu;Ashlee P Ingram;ashlee.p.ingram@gmail.com;Jonathan Aaron Peppers;jonathan peppers;Ruth Reyes;reyesruth48@gmail.com;Warren G Smith;warreng1906@yahoo.com;Adele Sandra Marchiando;Jack Sutter Benson;Kelsey Olivia Nickens;clarke10n@yahoo.com;justinetiu2021@u.northwestern.edu;Mako Satoh Yamamoto;Sierra Kaila Thoulouis;Mia Venezia;Jacob Alexander May",,,,,"To All Visitor Services Staff – I am available to you Thursdays from 4pm until 5 pm. Please feel free to stop in my office during this time if you need assistance.  I am also available to you remotely on Saturdays by phone at 847-491-4002 from 9:45 am until 10:45 am. I will see your missed call and call you back. 

------------
------------
Dear Colleagues,  Please note: Declining this notification means you have received it and did not enter your hours.  Please contact your Supervisor.

*****Supervisor…You are copied here. Please ensure your employees have entered their hours*****

It is the responsibility of each employee to ensure your direct deposit is up to date. Please check it now. 
 
This is an automated kind and important reminder…..Kronos updates are due for the hours you have worked this current pay period. Please see the calendar of dates below.  
 
Timesheets must have all hours entered by 5:00 pm on the dates in the Hours Due column.  I will follow up with approval of your timesheet. 

Here is a link to the VPN instructions if need http://www.it.northwestern.edu/oncampus/vpn/

KRONOS Time Entry System: https://www-kronos.itcs.northwestern.edu/wfc/applications/wtk/html/ess/logon.jsp

KRONOS Aid & Quicksteps, Multi-job access: https://www.northwestern.edu/hr/documents/work-essentials/kronos_quicksteps_biweeklyentry.pdf

Please let me know if you have any questions, or need assistance. “Remember, you must do the 1st column if you want the last column.”  You earned it!
Added incentive below.
 


   Hours Due
   by 5:00 pm	 FY20 PAY PERIOD
Begins         Ends 	Pay Dates	
Thursday 10/3/19	9/22/2019	10/5/2019	10/11/2019	
Thursday 10/17/19	10/6/2019	10/19/2019	10/25/2019	
Thursday 10/31/19	10/20/2019	11/2/2019	11/8/2019	
Thursday 11/14/19	11/3/2019	11/16/2019	11/22/2019	
Tuesday 11/26/19	11/17/2019	11/30/2019	12/6/2019	
Thursday 12/12/19	12/1/2019	12/14/2019	12/20/2019	
Thursday 12/19/19	12/15/2019	12/28/2019	1/3/2020	
Thursday 1/9/20	12/29/2019	1/11/2020	1/17/2020	
Wednesday, 1/22/2020	1/12/2020	1/25/2020	1/31/2020	
Thursday, 2/6/2020	1/26/2020	2/8/2020	2/14/2020	
Wednesday, 2/19/2020	2/9/2020	2/22/2020	2/28/2020	
Thursday, 3/5/2020	2/23/2020	3/7/2020	3/13/2020	
Thursday, 3/19/2020	3/8/2020	3/21/2020	3/27/2020	
Thursday, 4/2/2020	3/22/2020	4/4/2020	4/10/2020	
Thursday, 4/16/2020	4/5/2020	4/18/2020	4/24/2020	
Thursday, 4/30/2020	4/19/2020	5/2/2020	5/8/2020	
Thursday, 5/14/2020	5/3/2020	5/16/2020	5/22/2020	
Thursday, 5/28/2020	5/17/2020	5/30/2020	6/5/2020	
Thursday, 6/11/2020	5/31/2020	6/13/2020	6/19/2020	
Thursday, 6/25/2020	6/14/2020	6/27/2020	7/2/2020	
Thursday, 7/9/2020	6/28/2020	7/11/2020	7/17/2020	
Wednesday, 7/22/2020	7/12/2020	7/25/2020	7/31/2020	
Thursday, 8/6/2020	7/26/2020	8/8/2020	8/14/2020	
Thursday, 8/20/2020	8/9/2020	8/22/2020	8/28/2020	
Thursday, 9/3/2020	8/23/2020	9/5/2020	9/11/2020	
Thursday, 9/17/2020	9/6/2020	9/19/2020	9/25/2020	
Thursday, 10/1/2020	9/20/2020	10/3/2020	10/9/2020	
Thursday, 10/15/2020	10/4/2020	10/17/2020	10/23/2020	
Thursday, 10/29/2020	10/18/2020	10/31/2020	11/6/2020	
Thursday, 11/12/2020	11/1/2020	11/14/2020	11/20/2020	
Tuesday, 11/24/2020	11/15/2020	11/28/2020	12/4/2020	
Thursday, 12/10/2020	11/29/2020	12/12/2020	12/18/2020	
Wednesday, 12/16/2020	12/13/2020	12/26/2020	12/30/2020	
Tuesday, 1/7/2020	12/27/2020	1/9/2021	1/15/2021	



Here’s an added incentive: See attachment. Your name in cell D3, Time entry examples: 9 a, 9:15 a, 6:26 p	

Column L - Non Work-study
Column M - Tracks your Work-study Award Balance 



 


Thanks,
Rita
 
Rita Shorts
Business Administrator 
Mary & Leigh Block Museum of Art
Northwestern University
40 Arts Circle Drive, Room 217
Evanston, Illinois 60208
 
847-491-4002 <tel:847-491-4002>  Phone
847-491-2261 <tel:847-491-2261>  Fax
d-shorts@northwestern.edu <mailto:d-shorts@northwestern.edu> 

","Jeff's Office ",,"High","False","Normal","3"
"Canceled: This is an automated reminder that your Kronos Time Entry must be up to date","2/8/2026","8:00:00 AM","2/8/2026","8:30:00 AM","False","True","2/8/2026","7:45:00 AM","Rita Shorts","Jeffery Smith;Aaron L Chatman;Vincent L Taylor;Rocio Olasimbo;Zachary M Austin;Zachary Austin;Delois Ann Brown;deloisbrown888@gmail.com;Melanie Adele Coffey;kaf7528@e.northwestern.edu;Ashlee P Ingram;ashlee.p.ingram@gmail.com;Jonathan Aaron Peppers;jonathan peppers;Ruth Reyes;reyesruth48@gmail.com;Warren G Smith;warreng1906@yahoo.com;Adele Sandra Marchiando;Jack Sutter Benson;Kelsey Olivia Nickens;clarke10n@yahoo.com;justinetiu2021@u.northwestern.edu;Mako Satoh Yamamoto;Sierra Kaila Thoulouis;Mia Venezia;Jacob Alexander May",,,,,"To All Visitor Services Staff – I am available to you Thursdays from 4pm until 5 pm. Please feel free to stop in my office during this time if you need assistance.  I am also available to you remotely on Saturdays by phone at 847-491-4002 from 9:45 am until 10:45 am. I will see your missed call and call you back. 

------------
------------
Dear Colleagues,  Please note: Declining this notification means you have received it and did not enter your hours.  Please contact your Supervisor.

*****Supervisor…You are copied here. Please ensure your employees have entered their hours*****

It is the responsibility of each employee to ensure your direct deposit is up to date. Please check it now. 
 
This is an automated kind and important reminder…..Kronos updates are due for the hours you have worked this current pay period. Please see the calendar of dates below.  
 
Timesheets must have all hours entered by 5:00 pm on the dates in the Hours Due column.  I will follow up with approval of your timesheet. 

Here is a link to the VPN instructions if need http://www.it.northwestern.edu/oncampus/vpn/

KRONOS Time Entry System: https://www-kronos.itcs.northwestern.edu/wfc/applications/wtk/html/ess/logon.jsp

KRONOS Aid & Quicksteps, Multi-job access: https://www.northwestern.edu/hr/documents/work-essentials/kronos_quicksteps_biweeklyentry.pdf

Please let me know if you have any questions, or need assistance. “Remember, you must do the 1st column if you want the last column.”  You earned it!
Added incentive below.
 


   Hours Due
   by 5:00 pm	 FY20 PAY PERIOD
Begins         Ends 	Pay Dates	
Thursday 10/3/19	9/22/2019	10/5/2019	10/11/2019	
Thursday 10/17/19	10/6/2019	10/19/2019	10/25/2019	
Thursday 10/31/19	10/20/2019	11/2/2019	11/8/2019	
Thursday 11/14/19	11/3/2019	11/16/2019	11/22/2019	
Tuesday 11/26/19	11/17/2019	11/30/2019	12/6/2019	
Thursday 12/12/19	12/1/2019	12/14/2019	12/20/2019	
Thursday 12/19/19	12/15/2019	12/28/2019	1/3/2020	
Thursday 1/9/20	12/29/2019	1/11/2020	1/17/2020	
Wednesday, 1/22/2020	1/12/2020	1/25/2020	1/31/2020	
Thursday, 2/6/2020	1/26/2020	2/8/2020	2/14/2020	
Wednesday, 2/19/2020	2/9/2020	2/22/2020	2/28/2020	
Thursday, 3/5/2020	2/23/2020	3/7/2020	3/13/2020	
Thursday, 3/19/2020	3/8/2020	3/21/2020	3/27/2020	
Thursday, 4/2/2020	3/22/2020	4/4/2020	4/10/2020	
Thursday, 4/16/2020	4/5/2020	4/18/2020	4/24/2020	
Thursday, 4/30/2020	4/19/2020	5/2/2020	5/8/2020	
Thursday, 5/14/2020	5/3/2020	5/16/2020	5/22/2020	
Thursday, 5/28/2020	5/17/2020	5/30/2020	6/5/2020	
Thursday, 6/11/2020	5/31/2020	6/13/2020	6/19/2020	
Thursday, 6/25/2020	6/14/2020	6/27/2020	7/2/2020	
Thursday, 7/9/2020	6/28/2020	7/11/2020	7/17/2020	
Wednesday, 7/22/2020	7/12/2020	7/25/2020	7/31/2020	
Thursday, 8/6/2020	7/26/2020	8/8/2020	8/14/2020	
Thursday, 8/20/2020	8/9/2020	8/22/2020	8/28/2020	
Thursday, 9/3/2020	8/23/2020	9/5/2020	9/11/2020	
Thursday, 9/17/2020	9/6/2020	9/19/2020	9/25/2020	
Thursday, 10/1/2020	9/20/2020	10/3/2020	10/9/2020	
Thursday, 10/15/2020	10/4/2020	10/17/2020	10/23/2020	
Thursday, 10/29/2020	10/18/2020	10/31/2020	11/6/2020	
Thursday, 11/12/2020	11/1/2020	11/14/2020	11/20/2020	
Tuesday, 11/24/2020	11/15/2020	11/28/2020	12/4/2020	
Thursday, 12/10/2020	11/29/2020	12/12/2020	12/18/2020	
Wednesday, 12/16/2020	12/13/2020	12/26/2020	12/30/2020	
Tuesday, 1/7/2020	12/27/2020	1/9/2021	1/15/2021	



Here’s an added incentive: See attachment. Your name in cell D3, Time entry examples: 9 a, 9:15 a, 6:26 p	

Column L - Non Work-study
Column M - Tracks your Work-study Award Balance 



 


Thanks,
Rita
 
Rita Shorts
Business Administrator 
Mary & Leigh Block Museum of Art
Northwestern University
40 Arts Circle Drive, Room 217
Evanston, Illinois 60208
 
847-491-4002 <tel:847-491-4002>  Phone
847-491-2261 <tel:847-491-2261>  Fax
d-shorts@northwestern.edu <mailto:d-shorts@northwestern.edu> 

","Jeff's Office ",,"High","False","Normal","3"
"Canceled: This is an automated reminder that your Kronos Time Entry must be up to date","2/9/2026","8:00:00 AM","2/9/2026","8:30:00 AM","False","True","2/9/2026","7:45:00 AM","Rita Shorts","Jeffery Smith;Aaron L Chatman;Vincent L Taylor;Rocio Olasimbo;Zachary M Austin;Zachary Austin;Delois Ann Brown;deloisbrown888@gmail.com;Melanie Adele Coffey;kaf7528@e.northwestern.edu;Ashlee P Ingram;ashlee.p.ingram@gmail.com;Jonathan Aaron Peppers;jonathan peppers;Ruth Reyes;reyesruth48@gmail.com;Warren G Smith;warreng1906@yahoo.com;Adele Sandra Marchiando;Jack Sutter Benson;Kelsey Olivia Nickens;clarke10n@yahoo.com;justinetiu2021@u.northwestern.edu;Mako Satoh Yamamoto;Sierra Kaila Thoulouis;Mia Venezia;Jacob Alexander May",,,,,"To All Visitor Services Staff – I am available to you Thursdays from 4pm until 5 pm. Please feel free to stop in my office during this time if you need assistance.  I am also available to you remotely on Saturdays by phone at 847-491-4002 from 9:45 am until 10:45 am. I will see your missed call and call you back. 

------------
------------
Dear Colleagues,  Please note: Declining this notification means you have received it and did not enter your hours.  Please contact your Supervisor.

*****Supervisor…You are copied here. Please ensure your employees have entered their hours*****

It is the responsibility of each employee to ensure your direct deposit is up to date. Please check it now. 
 
This is an automated kind and important reminder…..Kronos updates are due for the hours you have worked this current pay period. Please see the calendar of dates below.  
 
Timesheets must have all hours entered by 5:00 pm on the dates in the Hours Due column.  I will follow up with approval of your timesheet. 

Here is a link to the VPN instructions if need http://www.it.northwestern.edu/oncampus/vpn/

KRONOS Time Entry System: https://www-kronos.itcs.northwestern.edu/wfc/applications/wtk/html/ess/logon.jsp

KRONOS Aid & Quicksteps, Multi-job access: https://www.northwestern.edu/hr/documents/work-essentials/kronos_quicksteps_biweeklyentry.pdf

Please let me know if you have any questions, or need assistance. “Remember, you must do the 1st column if you want the last column.”  You earned it!
Added incentive below.
 


   Hours Due
   by 5:00 pm	 FY20 PAY PERIOD
Begins         Ends 	Pay Dates	
Thursday 10/3/19	9/22/2019	10/5/2019	10/11/2019	
Thursday 10/17/19	10/6/2019	10/19/2019	10/25/2019	
Thursday 10/31/19	10/20/2019	11/2/2019	11/8/2019	
Thursday 11/14/19	11/3/2019	11/16/2019	11/22/2019	
Tuesday 11/26/19	11/17/2019	11/30/2019	12/6/2019	
Thursday 12/12/19	12/1/2019	12/14/2019	12/20/2019	
Thursday 12/19/19	12/15/2019	12/28/2019	1/3/2020	
Thursday 1/9/20	12/29/2019	1/11/2020	1/17/2020	
Wednesday, 1/22/2020	1/12/2020	1/25/2020	1/31/2020	
Thursday, 2/6/2020	1/26/2020	2/8/2020	2/14/2020	
Wednesday, 2/19/2020	2/9/2020	2/22/2020	2/28/2020	
Thursday, 3/5/2020	2/23/2020	3/7/2020	3/13/2020	
Thursday, 3/19/2020	3/8/2020	3/21/2020	3/27/2020	
Thursday, 4/2/2020	3/22/2020	4/4/2020	4/10/2020	
Thursday, 4/16/2020	4/5/2020	4/18/2020	4/24/2020	
Thursday, 4/30/2020	4/19/2020	5/2/2020	5/8/2020	
Thursday, 5/14/2020	5/3/2020	5/16/2020	5/22/2020	
Thursday, 5/28/2020	5/17/2020	5/30/2020	6/5/2020	
Thursday, 6/11/2020	5/31/2020	6/13/2020	6/19/2020	
Thursday, 6/25/2020	6/14/2020	6/27/2020	7/2/2020	
Thursday, 7/9/2020	6/28/2020	7/11/2020	7/17/2020	
Wednesday, 7/22/2020	7/12/2020	7/25/2020	7/31/2020	
Thursday, 8/6/2020	7/26/2020	8/8/2020	8/14/2020	
Thursday, 8/20/2020	8/9/2020	8/22/2020	8/28/2020	
Thursday, 9/3/2020	8/23/2020	9/5/2020	9/11/2020	
Thursday, 9/17/2020	9/6/2020	9/19/2020	9/25/2020	
Thursday, 10/1/2020	9/20/2020	10/3/2020	10/9/2020	
Thursday, 10/15/2020	10/4/2020	10/17/2020	10/23/2020	
Thursday, 10/29/2020	10/18/2020	10/31/2020	11/6/2020	
Thursday, 11/12/2020	11/1/2020	11/14/2020	11/20/2020	
Tuesday, 11/24/2020	11/15/2020	11/28/2020	12/4/2020	
Thursday, 12/10/2020	11/29/2020	12/12/2020	12/18/2020	
Wednesday, 12/16/2020	12/13/2020	12/26/2020	12/30/2020	
Tuesday, 1/7/2020	12/27/2020	1/9/2021	1/15/2021	



Here’s an added incentive: See attachment. Your name in cell D3, Time entry examples: 9 a, 9:15 a, 6:26 p	

Column L - Non Work-study
Column M - Tracks your Work-study Award Balance 



 


Thanks,
Rita
 
Rita Shorts
Business Administrator 
Mary & Leigh Block Museum of Art
Northwestern University
40 Arts Circle Drive, Room 217
Evanston, Illinois 60208
 
847-491-4002 <tel:847-491-4002>  Phone
847-491-2261 <tel:847-491-2261>  Fax
d-shorts@northwestern.edu <mailto:d-shorts@northwestern.edu> 

","Jeff's Office ",,"High","False","Normal","3"
"Canceled: This is an automated reminder that your Kronos Time Entry must be up to date","2/11/2026","8:00:00 AM","2/11/2026","8:30:00 AM","False","True","2/11/2026","7:45:00 AM","Rita Shorts","Jeffery Smith;Aaron L Chatman;Vincent L Taylor;Rocio Olasimbo;Zachary M Austin;Zachary Austin;Delois Ann Brown;deloisbrown888@gmail.com;Melanie Adele Coffey;kaf7528@e.northwestern.edu;Ashlee P Ingram;ashlee.p.ingram@gmail.com;Jonathan Aaron Peppers;jonathan peppers;Ruth Reyes;reyesruth48@gmail.com;Warren G Smith;warreng1906@yahoo.com;Adele Sandra Marchiando;Jack Sutter Benson;Kelsey Olivia Nickens;clarke10n@yahoo.com;justinetiu2021@u.northwestern.edu;Mako Satoh Yamamoto;Sierra Kaila Thoulouis;Mia Venezia;Jacob Alexander May",,,,,"To All Visitor Services Staff – I am available to you Thursdays from 4pm until 5 pm. Please feel free to stop in my office during this time if you need assistance.  I am also available to you remotely on Saturdays by phone at 847-491-4002 from 9:45 am until 10:45 am. I will see your missed call and call you back. 

------------
------------
Dear Colleagues,  Please note: Declining this notification means you have received it and did not enter your hours.  Please contact your Supervisor.

*****Supervisor…You are copied here. Please ensure your employees have entered their hours*****

It is the responsibility of each employee to ensure your direct deposit is up to date. Please check it now. 
 
This is an automated kind and important reminder…..Kronos updates are due for the hours you have worked this current pay period. Please see the calendar of dates below.  
 
Timesheets must have all hours entered by 5:00 pm on the dates in the Hours Due column.  I will follow up with approval of your timesheet. 

Here is a link to the VPN instructions if need http://www.it.northwestern.edu/oncampus/vpn/

KRONOS Time Entry System: https://www-kronos.itcs.northwestern.edu/wfc/applications/wtk/html/ess/logon.jsp

KRONOS Aid & Quicksteps, Multi-job access: https://www.northwestern.edu/hr/documents/work-essentials/kronos_quicksteps_biweeklyentry.pdf

Please let me know if you have any questions, or need assistance. “Remember, you must do the 1st column if you want the last column.”  You earned it!
Added incentive below.
 


   Hours Due
   by 5:00 pm	 FY20 PAY PERIOD
Begins         Ends 	Pay Dates	
Thursday 10/3/19	9/22/2019	10/5/2019	10/11/2019	
Thursday 10/17/19	10/6/2019	10/19/2019	10/25/2019	
Thursday 10/31/19	10/20/2019	11/2/2019	11/8/2019	
Thursday 11/14/19	11/3/2019	11/16/2019	11/22/2019	
Tuesday 11/26/19	11/17/2019	11/30/2019	12/6/2019	
Thursday 12/12/19	12/1/2019	12/14/2019	12/20/2019	
Thursday 12/19/19	12/15/2019	12/28/2019	1/3/2020	
Thursday 1/9/20	12/29/2019	1/11/2020	1/17/2020	
Wednesday, 1/22/2020	1/12/2020	1/25/2020	1/31/2020	
Thursday, 2/6/2020	1/26/2020	2/8/2020	2/14/2020	
Wednesday, 2/19/2020	2/9/2020	2/22/2020	2/28/2020	
Thursday, 3/5/2020	2/23/2020	3/7/2020	3/13/2020	
Thursday, 3/19/2020	3/8/2020	3/21/2020	3/27/2020	
Thursday, 4/2/2020	3/22/2020	4/4/2020	4/10/2020	
Thursday, 4/16/2020	4/5/2020	4/18/2020	4/24/2020	
Thursday, 4/30/2020	4/19/2020	5/2/2020	5/8/2020	
Thursday, 5/14/2020	5/3/2020	5/16/2020	5/22/2020	
Thursday, 5/28/2020	5/17/2020	5/30/2020	6/5/2020	
Thursday, 6/11/2020	5/31/2020	6/13/2020	6/19/2020	
Thursday, 6/25/2020	6/14/2020	6/27/2020	7/2/2020	
Thursday, 7/9/2020	6/28/2020	7/11/2020	7/17/2020	
Wednesday, 7/22/2020	7/12/2020	7/25/2020	7/31/2020	
Thursday, 8/6/2020	7/26/2020	8/8/2020	8/14/2020	
Thursday, 8/20/2020	8/9/2020	8/22/2020	8/28/2020	
Thursday, 9/3/2020	8/23/2020	9/5/2020	9/11/2020	
Thursday, 9/17/2020	9/6/2020	9/19/2020	9/25/2020	
Thursday, 10/1/2020	9/20/2020	10/3/2020	10/9/2020	
Thursday, 10/15/2020	10/4/2020	10/17/2020	10/23/2020	
Thursday, 10/29/2020	10/18/2020	10/31/2020	11/6/2020	
Thursday, 11/12/2020	11/1/2020	11/14/2020	11/20/2020	
Tuesday, 11/24/2020	11/15/2020	11/28/2020	12/4/2020	
Thursday, 12/10/2020	11/29/2020	12/12/2020	12/18/2020	
Wednesday, 12/16/2020	12/13/2020	12/26/2020	12/30/2020	
Tuesday, 1/7/2020	12/27/2020	1/9/2021	1/15/2021	



Here’s an added incentive: See attachment. Your name in cell D3, Time entry examples: 9 a, 9:15 a, 6:26 p	

Column L - Non Work-study
Column M - Tracks your Work-study Award Balance 



 


Thanks,
Rita
 
Rita Shorts
Business Administrator 
Mary & Leigh Block Museum of Art
Northwestern University
40 Arts Circle Drive, Room 217
Evanston, Illinois 60208
 
847-491-4002 <tel:847-491-4002>  Phone
847-491-2261 <tel:847-491-2261>  Fax
d-shorts@northwestern.edu <mailto:d-shorts@northwestern.edu> 

","Jeff's Office ",,"High","False","Normal","3"
"Canceled: This is an automated reminder that your Kronos Time Entry must be up to date","2/13/2026","8:00:00 AM","2/13/2026","8:30:00 AM","False","True","2/13/2026","7:45:00 AM","Rita Shorts","Jeffery Smith;Aaron L Chatman;Vincent L Taylor;Rocio Olasimbo;Zachary M Austin;Zachary Austin;Delois Ann Brown;deloisbrown888@gmail.com;Melanie Adele Coffey;kaf7528@e.northwestern.edu;Ashlee P Ingram;ashlee.p.ingram@gmail.com;Jonathan Aaron Peppers;jonathan peppers;Ruth Reyes;reyesruth48@gmail.com;Warren G Smith;warreng1906@yahoo.com;Adele Sandra Marchiando;Jack Sutter Benson;Kelsey Olivia Nickens;clarke10n@yahoo.com;justinetiu2021@u.northwestern.edu;Mako Satoh Yamamoto;Sierra Kaila Thoulouis;Mia Venezia;Jacob Alexander May",,,,,"To All Visitor Services Staff – I am available to you Thursdays from 4pm until 5 pm. Please feel free to stop in my office during this time if you need assistance.  I am also available to you remotely on Saturdays by phone at 847-491-4002 from 9:45 am until 10:45 am. I will see your missed call and call you back. 

------------
------------
Dear Colleagues,  Please note: Declining this notification means you have received it and did not enter your hours.  Please contact your Supervisor.

*****Supervisor…You are copied here. Please ensure your employees have entered their hours*****

It is the responsibility of each employee to ensure your direct deposit is up to date. Please check it now. 
 
This is an automated kind and important reminder…..Kronos updates are due for the hours you have worked this current pay period. Please see the calendar of dates below.  
 
Timesheets must have all hours entered by 5:00 pm on the dates in the Hours Due column.  I will follow up with approval of your timesheet. 

Here is a link to the VPN instructions if need http://www.it.northwestern.edu/oncampus/vpn/

KRONOS Time Entry System: https://www-kronos.itcs.northwestern.edu/wfc/applications/wtk/html/ess/logon.jsp

KRONOS Aid & Quicksteps, Multi-job access: https://www.northwestern.edu/hr/documents/work-essentials/kronos_quicksteps_biweeklyentry.pdf

Please let me know if you have any questions, or need assistance. “Remember, you must do the 1st column if you want the last column.”  You earned it!
Added incentive below.
 


   Hours Due
   by 5:00 pm	 FY20 PAY PERIOD
Begins         Ends 	Pay Dates	
Thursday 10/3/19	9/22/2019	10/5/2019	10/11/2019	
Thursday 10/17/19	10/6/2019	10/19/2019	10/25/2019	
Thursday 10/31/19	10/20/2019	11/2/2019	11/8/2019	
Thursday 11/14/19	11/3/2019	11/16/2019	11/22/2019	
Tuesday 11/26/19	11/17/2019	11/30/2019	12/6/2019	
Thursday 12/12/19	12/1/2019	12/14/2019	12/20/2019	
Thursday 12/19/19	12/15/2019	12/28/2019	1/3/2020	
Thursday 1/9/20	12/29/2019	1/11/2020	1/17/2020	
Wednesday, 1/22/2020	1/12/2020	1/25/2020	1/31/2020	
Thursday, 2/6/2020	1/26/2020	2/8/2020	2/14/2020	
Wednesday, 2/19/2020	2/9/2020	2/22/2020	2/28/2020	
Thursday, 3/5/2020	2/23/2020	3/7/2020	3/13/2020	
Thursday, 3/19/2020	3/8/2020	3/21/2020	3/27/2020	
Thursday, 4/2/2020	3/22/2020	4/4/2020	4/10/2020	
Thursday, 4/16/2020	4/5/2020	4/18/2020	4/24/2020	
Thursday, 4/30/2020	4/19/2020	5/2/2020	5/8/2020	
Thursday, 5/14/2020	5/3/2020	5/16/2020	5/22/2020	
Thursday, 5/28/2020	5/17/2020	5/30/2020	6/5/2020	
Thursday, 6/11/2020	5/31/2020	6/13/2020	6/19/2020	
Thursday, 6/25/2020	6/14/2020	6/27/2020	7/2/2020	
Thursday, 7/9/2020	6/28/2020	7/11/2020	7/17/2020	
Wednesday, 7/22/2020	7/12/2020	7/25/2020	7/31/2020	
Thursday, 8/6/2020	7/26/2020	8/8/2020	8/14/2020	
Thursday, 8/20/2020	8/9/2020	8/22/2020	8/28/2020	
Thursday, 9/3/2020	8/23/2020	9/5/2020	9/11/2020	
Thursday, 9/17/2020	9/6/2020	9/19/2020	9/25/2020	
Thursday, 10/1/2020	9/20/2020	10/3/2020	10/9/2020	
Thursday, 10/15/2020	10/4/2020	10/17/2020	10/23/2020	
Thursday, 10/29/2020	10/18/2020	10/31/2020	11/6/2020	
Thursday, 11/12/2020	11/1/2020	11/14/2020	11/20/2020	
Tuesday, 11/24/2020	11/15/2020	11/28/2020	12/4/2020	
Thursday, 12/10/2020	11/29/2020	12/12/2020	12/18/2020	
Wednesday, 12/16/2020	12/13/2020	12/26/2020	12/30/2020	
Tuesday, 1/7/2020	12/27/2020	1/9/2021	1/15/2021	



Here’s an added incentive: See attachment. Your name in cell D3, Time entry examples: 9 a, 9:15 a, 6:26 p	

Column L - Non Work-study
Column M - Tracks your Work-study Award Balance 



 


Thanks,
Rita
 
Rita Shorts
Business Administrator 
Mary & Leigh Block Museum of Art
Northwestern University
40 Arts Circle Drive, Room 217
Evanston, Illinois 60208
 
847-491-4002 <tel:847-491-4002>  Phone
847-491-2261 <tel:847-491-2261>  Fax
d-shorts@northwestern.edu <mailto:d-shorts@northwestern.edu> 

","Jeff's Office ",,"High","False","Normal","3"
"Canceled: This is an automated reminder that your Kronos Time Entry must be up to date","2/14/2026","8:00:00 AM","2/14/2026","8:30:00 AM","False","True","2/14/2026","7:45:00 AM","Rita Shorts","Jeffery Smith;Aaron L Chatman;Vincent L Taylor;Rocio Olasimbo;Zachary M Austin;Zachary Austin;Delois Ann Brown;deloisbrown888@gmail.com;Melanie Adele Coffey;kaf7528@e.northwestern.edu;Ashlee P Ingram;ashlee.p.ingram@gmail.com;Jonathan Aaron Peppers;jonathan peppers;Ruth Reyes;reyesruth48@gmail.com;Warren G Smith;warreng1906@yahoo.com;Adele Sandra Marchiando;Jack Sutter Benson;Kelsey Olivia Nickens;clarke10n@yahoo.com;justinetiu2021@u.northwestern.edu;Mako Satoh Yamamoto;Sierra Kaila Thoulouis;Mia Venezia;Jacob Alexander May",,,,,"To All Visitor Services Staff – I am available to you Thursdays from 4pm until 5 pm. Please feel free to stop in my office during this time if you need assistance.  I am also available to you remotely on Saturdays by phone at 847-491-4002 from 9:45 am until 10:45 am. I will see your missed call and call you back. 

------------
------------
Dear Colleagues,  Please note: Declining this notification means you have received it and did not enter your hours.  Please contact your Supervisor.

*****Supervisor…You are copied here. Please ensure your employees have entered their hours*****

It is the responsibility of each employee to ensure your direct deposit is up to date. Please check it now. 
 
This is an automated kind and important reminder…..Kronos updates are due for the hours you have worked this current pay period. Please see the calendar of dates below.  
 
Timesheets must have all hours entered by 5:00 pm on the dates in the Hours Due column.  I will follow up with approval of your timesheet. 

Here is a link to the VPN instructions if need http://www.it.northwestern.edu/oncampus/vpn/

KRONOS Time Entry System: https://www-kronos.itcs.northwestern.edu/wfc/applications/wtk/html/ess/logon.jsp

KRONOS Aid & Quicksteps, Multi-job access: https://www.northwestern.edu/hr/documents/work-essentials/kronos_quicksteps_biweeklyentry.pdf

Please let me know if you have any questions, or need assistance. “Remember, you must do the 1st column if you want the last column.”  You earned it!
Added incentive below.
 


   Hours Due
   by 5:00 pm	 FY20 PAY PERIOD
Begins         Ends 	Pay Dates	
Thursday 10/3/19	9/22/2019	10/5/2019	10/11/2019	
Thursday 10/17/19	10/6/2019	10/19/2019	10/25/2019	
Thursday 10/31/19	10/20/2019	11/2/2019	11/8/2019	
Thursday 11/14/19	11/3/2019	11/16/2019	11/22/2019	
Tuesday 11/26/19	11/17/2019	11/30/2019	12/6/2019	
Thursday 12/12/19	12/1/2019	12/14/2019	12/20/2019	
Thursday 12/19/19	12/15/2019	12/28/2019	1/3/2020	
Thursday 1/9/20	12/29/2019	1/11/2020	1/17/2020	
Wednesday, 1/22/2020	1/12/2020	1/25/2020	1/31/2020	
Thursday, 2/6/2020	1/26/2020	2/8/2020	2/14/2020	
Wednesday, 2/19/2020	2/9/2020	2/22/2020	2/28/2020	
Thursday, 3/5/2020	2/23/2020	3/7/2020	3/13/2020	
Thursday, 3/19/2020	3/8/2020	3/21/2020	3/27/2020	
Thursday, 4/2/2020	3/22/2020	4/4/2020	4/10/2020	
Thursday, 4/16/2020	4/5/2020	4/18/2020	4/24/2020	
Thursday, 4/30/2020	4/19/2020	5/2/2020	5/8/2020	
Thursday, 5/14/2020	5/3/2020	5/16/2020	5/22/2020	
Thursday, 5/28/2020	5/17/2020	5/30/2020	6/5/2020	
Thursday, 6/11/2020	5/31/2020	6/13/2020	6/19/2020	
Thursday, 6/25/2020	6/14/2020	6/27/2020	7/2/2020	
Thursday, 7/9/2020	6/28/2020	7/11/2020	7/17/2020	
Wednesday, 7/22/2020	7/12/2020	7/25/2020	7/31/2020	
Thursday, 8/6/2020	7/26/2020	8/8/2020	8/14/2020	
Thursday, 8/20/2020	8/9/2020	8/22/2020	8/28/2020	
Thursday, 9/3/2020	8/23/2020	9/5/2020	9/11/2020	
Thursday, 9/17/2020	9/6/2020	9/19/2020	9/25/2020	
Thursday, 10/1/2020	9/20/2020	10/3/2020	10/9/2020	
Thursday, 10/15/2020	10/4/2020	10/17/2020	10/23/2020	
Thursday, 10/29/2020	10/18/2020	10/31/2020	11/6/2020	
Thursday, 11/12/2020	11/1/2020	11/14/2020	11/20/2020	
Tuesday, 11/24/2020	11/15/2020	11/28/2020	12/4/2020	
Thursday, 12/10/2020	11/29/2020	12/12/2020	12/18/2020	
Wednesday, 12/16/2020	12/13/2020	12/26/2020	12/30/2020	
Tuesday, 1/7/2020	12/27/2020	1/9/2021	1/15/2021	



Here’s an added incentive: See attachment. Your name in cell D3, Time entry examples: 9 a, 9:15 a, 6:26 p	

Column L - Non Work-study
Column M - Tracks your Work-study Award Balance 



 


Thanks,
Rita
 
Rita Shorts
Business Administrator 
Mary & Leigh Block Museum of Art
Northwestern University
40 Arts Circle Drive, Room 217
Evanston, Illinois 60208
 
847-491-4002 <tel:847-491-4002>  Phone
847-491-2261 <tel:847-491-2261>  Fax
d-shorts@northwestern.edu <mailto:d-shorts@northwestern.edu> 

","Jeff's Office ",,"High","False","Normal","3"
"Canceled: This is an automated reminder that your Kronos Time Entry must be up to date","2/15/2026","8:00:00 AM","2/15/2026","8:30:00 AM","False","True","2/15/2026","7:45:00 AM","Rita Shorts","Jeffery Smith;Aaron L Chatman;Vincent L Taylor;Rocio Olasimbo;Zachary M Austin;Zachary Austin;Delois Ann Brown;deloisbrown888@gmail.com;Melanie Adele Coffey;kaf7528@e.northwestern.edu;Ashlee P Ingram;ashlee.p.ingram@gmail.com;Jonathan Aaron Peppers;jonathan peppers;Ruth Reyes;reyesruth48@gmail.com;Warren G Smith;warreng1906@yahoo.com;Adele Sandra Marchiando;Jack Sutter Benson;Kelsey Olivia Nickens;clarke10n@yahoo.com;justinetiu2021@u.northwestern.edu;Mako Satoh Yamamoto;Sierra Kaila Thoulouis;Mia Venezia;Jacob Alexander May",,,,,"To All Visitor Services Staff – I am available to you Thursdays from 4pm until 5 pm. Please feel free to stop in my office during this time if you need assistance.  I am also available to you remotely on Saturdays by phone at 847-491-4002 from 9:45 am until 10:45 am. I will see your missed call and call you back. 

------------
------------
Dear Colleagues,  Please note: Declining this notification means you have received it and did not enter your hours.  Please contact your Supervisor.

*****Supervisor…You are copied here. Please ensure your employees have entered their hours*****

It is the responsibility of each employee to ensure your direct deposit is up to date. Please check it now. 
 
This is an automated kind and important reminder…..Kronos updates are due for the hours you have worked this current pay period. Please see the calendar of dates below.  
 
Timesheets must have all hours entered by 5:00 pm on the dates in the Hours Due column.  I will follow up with approval of your timesheet. 

Here is a link to the VPN instructions if need http://www.it.northwestern.edu/oncampus/vpn/

KRONOS Time Entry System: https://www-kronos.itcs.northwestern.edu/wfc/applications/wtk/html/ess/logon.jsp

KRONOS Aid & Quicksteps, Multi-job access: https://www.northwestern.edu/hr/documents/work-essentials/kronos_quicksteps_biweeklyentry.pdf

Please let me know if you have any questions, or need assistance. “Remember, you must do the 1st column if you want the last column.”  You earned it!
Added incentive below.
 


   Hours Due
   by 5:00 pm	 FY20 PAY PERIOD
Begins         Ends 	Pay Dates	
Thursday 10/3/19	9/22/2019	10/5/2019	10/11/2019	
Thursday 10/17/19	10/6/2019	10/19/2019	10/25/2019	
Thursday 10/31/19	10/20/2019	11/2/2019	11/8/2019	
Thursday 11/14/19	11/3/2019	11/16/2019	11/22/2019	
Tuesday 11/26/19	11/17/2019	11/30/2019	12/6/2019	
Thursday 12/12/19	12/1/2019	12/14/2019	12/20/2019	
Thursday 12/19/19	12/15/2019	12/28/2019	1/3/2020	
Thursday 1/9/20	12/29/2019	1/11/2020	1/17/2020	
Wednesday, 1/22/2020	1/12/2020	1/25/2020	1/31/2020	
Thursday, 2/6/2020	1/26/2020	2/8/2020	2/14/2020	
Wednesday, 2/19/2020	2/9/2020	2/22/2020	2/28/2020	
Thursday, 3/5/2020	2/23/2020	3/7/2020	3/13/2020	
Thursday, 3/19/2020	3/8/2020	3/21/2020	3/27/2020	
Thursday, 4/2/2020	3/22/2020	4/4/2020	4/10/2020	
Thursday, 4/16/2020	4/5/2020	4/18/2020	4/24/2020	
Thursday, 4/30/2020	4/19/2020	5/2/2020	5/8/2020	
Thursday, 5/14/2020	5/3/2020	5/16/2020	5/22/2020	
Thursday, 5/28/2020	5/17/2020	5/30/2020	6/5/2020	
Thursday, 6/11/2020	5/31/2020	6/13/2020	6/19/2020	
Thursday, 6/25/2020	6/14/2020	6/27/2020	7/2/2020	
Thursday, 7/9/2020	6/28/2020	7/11/2020	7/17/2020	
Wednesday, 7/22/2020	7/12/2020	7/25/2020	7/31/2020	
Thursday, 8/6/2020	7/26/2020	8/8/2020	8/14/2020	
Thursday, 8/20/2020	8/9/2020	8/22/2020	8/28/2020	
Thursday, 9/3/2020	8/23/2020	9/5/2020	9/11/2020	
Thursday, 9/17/2020	9/6/2020	9/19/2020	9/25/2020	
Thursday, 10/1/2020	9/20/2020	10/3/2020	10/9/2020	
Thursday, 10/15/2020	10/4/2020	10/17/2020	10/23/2020	
Thursday, 10/29/2020	10/18/2020	10/31/2020	11/6/2020	
Thursday, 11/12/2020	11/1/2020	11/14/2020	11/20/2020	
Tuesday, 11/24/2020	11/15/2020	11/28/2020	12/4/2020	
Thursday, 12/10/2020	11/29/2020	12/12/2020	12/18/2020	
Wednesday, 12/16/2020	12/13/2020	12/26/2020	12/30/2020	
Tuesday, 1/7/2020	12/27/2020	1/9/2021	1/15/2021	



Here’s an added incentive: See attachment. Your name in cell D3, Time entry examples: 9 a, 9:15 a, 6:26 p	

Column L - Non Work-study
Column M - Tracks your Work-study Award Balance 



 


Thanks,
Rita
 
Rita Shorts
Business Administrator 
Mary & Leigh Block Museum of Art
Northwestern University
40 Arts Circle Drive, Room 217
Evanston, Illinois 60208
 
847-491-4002 <tel:847-491-4002>  Phone
847-491-2261 <tel:847-491-2261>  Fax
d-shorts@northwestern.edu <mailto:d-shorts@northwestern.edu> 

","Jeff's Office ",,"High","False","Normal","3"
"Canceled: This is an automated reminder that your Kronos Time Entry must be up to date","2/16/2026","8:00:00 AM","2/16/2026","8:30:00 AM","False","True","2/16/2026","7:45:00 AM","Rita Shorts","Jeffery Smith;Aaron L Chatman;Vincent L Taylor;Rocio Olasimbo;Zachary M Austin;Zachary Austin;Delois Ann Brown;deloisbrown888@gmail.com;Melanie Adele Coffey;kaf7528@e.northwestern.edu;Ashlee P Ingram;ashlee.p.ingram@gmail.com;Jonathan Aaron Peppers;jonathan peppers;Ruth Reyes;reyesruth48@gmail.com;Warren G Smith;warreng1906@yahoo.com;Adele Sandra Marchiando;Jack Sutter Benson;Kelsey Olivia Nickens;clarke10n@yahoo.com;justinetiu2021@u.northwestern.edu;Mako Satoh Yamamoto;Sierra Kaila Thoulouis;Mia Venezia;Jacob Alexander May",,,,,"To All Visitor Services Staff – I am available to you Thursdays from 4pm until 5 pm. Please feel free to stop in my office during this time if you need assistance.  I am also available to you remotely on Saturdays by phone at 847-491-4002 from 9:45 am until 10:45 am. I will see your missed call and call you back. 

------------
------------
Dear Colleagues,  Please note: Declining this notification means you have received it and did not enter your hours.  Please contact your Supervisor.

*****Supervisor…You are copied here. Please ensure your employees have entered their hours*****

It is the responsibility of each employee to ensure your direct deposit is up to date. Please check it now. 
 
This is an automated kind and important reminder…..Kronos updates are due for the hours you have worked this current pay period. Please see the calendar of dates below.  
 
Timesheets must have all hours entered by 5:00 pm on the dates in the Hours Due column.  I will follow up with approval of your timesheet. 

Here is a link to the VPN instructions if need http://www.it.northwestern.edu/oncampus/vpn/

KRONOS Time Entry System: https://www-kronos.itcs.northwestern.edu/wfc/applications/wtk/html/ess/logon.jsp

KRONOS Aid & Quicksteps, Multi-job access: https://www.northwestern.edu/hr/documents/work-essentials/kronos_quicksteps_biweeklyentry.pdf

Please let me know if you have any questions, or need assistance. “Remember, you must do the 1st column if you want the last column.”  You earned it!
Added incentive below.
 


   Hours Due
   by 5:00 pm	 FY20 PAY PERIOD
Begins         Ends 	Pay Dates	
Thursday 10/3/19	9/22/2019	10/5/2019	10/11/2019	
Thursday 10/17/19	10/6/2019	10/19/2019	10/25/2019	
Thursday 10/31/19	10/20/2019	11/2/2019	11/8/2019	
Thursday 11/14/19	11/3/2019	11/16/2019	11/22/2019	
Tuesday 11/26/19	11/17/2019	11/30/2019	12/6/2019	
Thursday 12/12/19	12/1/2019	12/14/2019	12/20/2019	
Thursday 12/19/19	12/15/2019	12/28/2019	1/3/2020	
Thursday 1/9/20	12/29/2019	1/11/2020	1/17/2020	
Wednesday, 1/22/2020	1/12/2020	1/25/2020	1/31/2020	
Thursday, 2/6/2020	1/26/2020	2/8/2020	2/14/2020	
Wednesday, 2/19/2020	2/9/2020	2/22/2020	2/28/2020	
Thursday, 3/5/2020	2/23/2020	3/7/2020	3/13/2020	
Thursday, 3/19/2020	3/8/2020	3/21/2020	3/27/2020	
Thursday, 4/2/2020	3/22/2020	4/4/2020	4/10/2020	
Thursday, 4/16/2020	4/5/2020	4/18/2020	4/24/2020	
Thursday, 4/30/2020	4/19/2020	5/2/2020	5/8/2020	
Thursday, 5/14/2020	5/3/2020	5/16/2020	5/22/2020	
Thursday, 5/28/2020	5/17/2020	5/30/2020	6/5/2020	
Thursday, 6/11/2020	5/31/2020	6/13/2020	6/19/2020	
Thursday, 6/25/2020	6/14/2020	6/27/2020	7/2/2020	
Thursday, 7/9/2020	6/28/2020	7/11/2020	7/17/2020	
Wednesday, 7/22/2020	7/12/2020	7/25/2020	7/31/2020	
Thursday, 8/6/2020	7/26/2020	8/8/2020	8/14/2020	
Thursday, 8/20/2020	8/9/2020	8/22/2020	8/28/2020	
Thursday, 9/3/2020	8/23/2020	9/5/2020	9/11/2020	
Thursday, 9/17/2020	9/6/2020	9/19/2020	9/25/2020	
Thursday, 10/1/2020	9/20/2020	10/3/2020	10/9/2020	
Thursday, 10/15/2020	10/4/2020	10/17/2020	10/23/2020	
Thursday, 10/29/2020	10/18/2020	10/31/2020	11/6/2020	
Thursday, 11/12/2020	11/1/2020	11/14/2020	11/20/2020	
Tuesday, 11/24/2020	11/15/2020	11/28/2020	12/4/2020	
Thursday, 12/10/2020	11/29/2020	12/12/2020	12/18/2020	
Wednesday, 12/16/2020	12/13/2020	12/26/2020	12/30/2020	
Tuesday, 1/7/2020	12/27/2020	1/9/2021	1/15/2021	



Here’s an added incentive: See attachment. Your name in cell D3, Time entry examples: 9 a, 9:15 a, 6:26 p	

Column L - Non Work-study
Column M - Tracks your Work-study Award Balance 



 


Thanks,
Rita
 
Rita Shorts
Business Administrator 
Mary & Leigh Block Museum of Art
Northwestern University
40 Arts Circle Drive, Room 217
Evanston, Illinois 60208
 
847-491-4002 <tel:847-491-4002>  Phone
847-491-2261 <tel:847-491-2261>  Fax
d-shorts@northwestern.edu <mailto:d-shorts@northwestern.edu> 

","Jeff's Office ",,"High","False","Normal","3"
"Canceled: This is an automated reminder that your Kronos Time Entry must be up to date","2/18/2026","8:00:00 AM","2/18/2026","8:30:00 AM","False","True","2/18/2026","7:45:00 AM","Rita Shorts","Jeffery Smith;Aaron L Chatman;Vincent L Taylor;Rocio Olasimbo;Zachary M Austin;Zachary Austin;Delois Ann Brown;deloisbrown888@gmail.com;Melanie Adele Coffey;kaf7528@e.northwestern.edu;Ashlee P Ingram;ashlee.p.ingram@gmail.com;Jonathan Aaron Peppers;jonathan peppers;Ruth Reyes;reyesruth48@gmail.com;Warren G Smith;warreng1906@yahoo.com;Adele Sandra Marchiando;Jack Sutter Benson;Kelsey Olivia Nickens;clarke10n@yahoo.com;justinetiu2021@u.northwestern.edu;Mako Satoh Yamamoto;Sierra Kaila Thoulouis;Mia Venezia;Jacob Alexander May",,,,,"To All Visitor Services Staff – I am available to you Thursdays from 4pm until 5 pm. Please feel free to stop in my office during this time if you need assistance.  I am also available to you remotely on Saturdays by phone at 847-491-4002 from 9:45 am until 10:45 am. I will see your missed call and call you back. 

------------
------------
Dear Colleagues,  Please note: Declining this notification means you have received it and did not enter your hours.  Please contact your Supervisor.

*****Supervisor…You are copied here. Please ensure your employees have entered their hours*****

It is the responsibility of each employee to ensure your direct deposit is up to date. Please check it now. 
 
This is an automated kind and important reminder…..Kronos updates are due for the hours you have worked this current pay period. Please see the calendar of dates below.  
 
Timesheets must have all hours entered by 5:00 pm on the dates in the Hours Due column.  I will follow up with approval of your timesheet. 

Here is a link to the VPN instructions if need http://www.it.northwestern.edu/oncampus/vpn/

KRONOS Time Entry System: https://www-kronos.itcs.northwestern.edu/wfc/applications/wtk/html/ess/logon.jsp

KRONOS Aid & Quicksteps, Multi-job access: https://www.northwestern.edu/hr/documents/work-essentials/kronos_quicksteps_biweeklyentry.pdf

Please let me know if you have any questions, or need assistance. “Remember, you must do the 1st column if you want the last column.”  You earned it!
Added incentive below.
 


   Hours Due
   by 5:00 pm	 FY20 PAY PERIOD
Begins         Ends 	Pay Dates	
Thursday 10/3/19	9/22/2019	10/5/2019	10/11/2019	
Thursday 10/17/19	10/6/2019	10/19/2019	10/25/2019	
Thursday 10/31/19	10/20/2019	11/2/2019	11/8/2019	
Thursday 11/14/19	11/3/2019	11/16/2019	11/22/2019	
Tuesday 11/26/19	11/17/2019	11/30/2019	12/6/2019	
Thursday 12/12/19	12/1/2019	12/14/2019	12/20/2019	
Thursday 12/19/19	12/15/2019	12/28/2019	1/3/2020	
Thursday 1/9/20	12/29/2019	1/11/2020	1/17/2020	
Wednesday, 1/22/2020	1/12/2020	1/25/2020	1/31/2020	
Thursday, 2/6/2020	1/26/2020	2/8/2020	2/14/2020	
Wednesday, 2/19/2020	2/9/2020	2/22/2020	2/28/2020	
Thursday, 3/5/2020	2/23/2020	3/7/2020	3/13/2020	
Thursday, 3/19/2020	3/8/2020	3/21/2020	3/27/2020	
Thursday, 4/2/2020	3/22/2020	4/4/2020	4/10/2020	
Thursday, 4/16/2020	4/5/2020	4/18/2020	4/24/2020	
Thursday, 4/30/2020	4/19/2020	5/2/2020	5/8/2020	
Thursday, 5/14/2020	5/3/2020	5/16/2020	5/22/2020	
Thursday, 5/28/2020	5/17/2020	5/30/2020	6/5/2020	
Thursday, 6/11/2020	5/31/2020	6/13/2020	6/19/2020	
Thursday, 6/25/2020	6/14/2020	6/27/2020	7/2/2020	
Thursday, 7/9/2020	6/28/2020	7/11/2020	7/17/2020	
Wednesday, 7/22/2020	7/12/2020	7/25/2020	7/31/2020	
Thursday, 8/6/2020	7/26/2020	8/8/2020	8/14/2020	
Thursday, 8/20/2020	8/9/2020	8/22/2020	8/28/2020	
Thursday, 9/3/2020	8/23/2020	9/5/2020	9/11/2020	
Thursday, 9/17/2020	9/6/2020	9/19/2020	9/25/2020	
Thursday, 10/1/2020	9/20/2020	10/3/2020	10/9/2020	
Thursday, 10/15/2020	10/4/2020	10/17/2020	10/23/2020	
Thursday, 10/29/2020	10/18/2020	10/31/2020	11/6/2020	
Thursday, 11/12/2020	11/1/2020	11/14/2020	11/20/2020	
Tuesday, 11/24/2020	11/15/2020	11/28/2020	12/4/2020	
Thursday, 12/10/2020	11/29/2020	12/12/2020	12/18/2020	
Wednesday, 12/16/2020	12/13/2020	12/26/2020	12/30/2020	
Tuesday, 1/7/2020	12/27/2020	1/9/2021	1/15/2021	



Here’s an added incentive: See attachment. Your name in cell D3, Time entry examples: 9 a, 9:15 a, 6:26 p	

Column L - Non Work-study
Column M - Tracks your Work-study Award Balance 



 


Thanks,
Rita
 
Rita Shorts
Business Administrator 
Mary & Leigh Block Museum of Art
Northwestern University
40 Arts Circle Drive, Room 217
Evanston, Illinois 60208
 
847-491-4002 <tel:847-491-4002>  Phone
847-491-2261 <tel:847-491-2261>  Fax
d-shorts@northwestern.edu <mailto:d-shorts@northwestern.edu> 

","Jeff's Office ",,"High","False","Normal","3"
"Canceled: This is an automated reminder that your Kronos Time Entry must be up to date","2/20/2026","8:00:00 AM","2/20/2026","8:30:00 AM","False","True","2/20/2026","7:45:00 AM","Rita Shorts","Jeffery Smith;Aaron L Chatman;Vincent L Taylor;Rocio Olasimbo;Zachary M Austin;Zachary Austin;Delois Ann Brown;deloisbrown888@gmail.com;Melanie Adele Coffey;kaf7528@e.northwestern.edu;Ashlee P Ingram;ashlee.p.ingram@gmail.com;Jonathan Aaron Peppers;jonathan peppers;Ruth Reyes;reyesruth48@gmail.com;Warren G Smith;warreng1906@yahoo.com;Adele Sandra Marchiando;Jack Sutter Benson;Kelsey Olivia Nickens;clarke10n@yahoo.com;justinetiu2021@u.northwestern.edu;Mako Satoh Yamamoto;Sierra Kaila Thoulouis;Mia Venezia;Jacob Alexander May",,,,,"To All Visitor Services Staff – I am available to you Thursdays from 4pm until 5 pm. Please feel free to stop in my office during this time if you need assistance.  I am also available to you remotely on Saturdays by phone at 847-491-4002 from 9:45 am until 10:45 am. I will see your missed call and call you back. 

------------
------------
Dear Colleagues,  Please note: Declining this notification means you have received it and did not enter your hours.  Please contact your Supervisor.

*****Supervisor…You are copied here. Please ensure your employees have entered their hours*****

It is the responsibility of each employee to ensure your direct deposit is up to date. Please check it now. 
 
This is an automated kind and important reminder…..Kronos updates are due for the hours you have worked this current pay period. Please see the calendar of dates below.  
 
Timesheets must have all hours entered by 5:00 pm on the dates in the Hours Due column.  I will follow up with approval of your timesheet. 

Here is a link to the VPN instructions if need http://www.it.northwestern.edu/oncampus/vpn/

KRONOS Time Entry System: https://www-kronos.itcs.northwestern.edu/wfc/applications/wtk/html/ess/logon.jsp

KRONOS Aid & Quicksteps, Multi-job access: https://www.northwestern.edu/hr/documents/work-essentials/kronos_quicksteps_biweeklyentry.pdf

Please let me know if you have any questions, or need assistance. “Remember, you must do the 1st column if you want the last column.”  You earned it!
Added incentive below.
 


   Hours Due
   by 5:00 pm	 FY20 PAY PERIOD
Begins         Ends 	Pay Dates	
Thursday 10/3/19	9/22/2019	10/5/2019	10/11/2019	
Thursday 10/17/19	10/6/2019	10/19/2019	10/25/2019	
Thursday 10/31/19	10/20/2019	11/2/2019	11/8/2019	
Thursday 11/14/19	11/3/2019	11/16/2019	11/22/2019	
Tuesday 11/26/19	11/17/2019	11/30/2019	12/6/2019	
Thursday 12/12/19	12/1/2019	12/14/2019	12/20/2019	
Thursday 12/19/19	12/15/2019	12/28/2019	1/3/2020	
Thursday 1/9/20	12/29/2019	1/11/2020	1/17/2020	
Wednesday, 1/22/2020	1/12/2020	1/25/2020	1/31/2020	
Thursday, 2/6/2020	1/26/2020	2/8/2020	2/14/2020	
Wednesday, 2/19/2020	2/9/2020	2/22/2020	2/28/2020	
Thursday, 3/5/2020	2/23/2020	3/7/2020	3/13/2020	
Thursday, 3/19/2020	3/8/2020	3/21/2020	3/27/2020	
Thursday, 4/2/2020	3/22/2020	4/4/2020	4/10/2020	
Thursday, 4/16/2020	4/5/2020	4/18/2020	4/24/2020	
Thursday, 4/30/2020	4/19/2020	5/2/2020	5/8/2020	
Thursday, 5/14/2020	5/3/2020	5/16/2020	5/22/2020	
Thursday, 5/28/2020	5/17/2020	5/30/2020	6/5/2020	
Thursday, 6/11/2020	5/31/2020	6/13/2020	6/19/2020	
Thursday, 6/25/2020	6/14/2020	6/27/2020	7/2/2020	
Thursday, 7/9/2020	6/28/2020	7/11/2020	7/17/2020	
Wednesday, 7/22/2020	7/12/2020	7/25/2020	7/31/2020	
Thursday, 8/6/2020	7/26/2020	8/8/2020	8/14/2020	
Thursday, 8/20/2020	8/9/2020	8/22/2020	8/28/2020	
Thursday, 9/3/2020	8/23/2020	9/5/2020	9/11/2020	
Thursday, 9/17/2020	9/6/2020	9/19/2020	9/25/2020	
Thursday, 10/1/2020	9/20/2020	10/3/2020	10/9/2020	
Thursday, 10/15/2020	10/4/2020	10/17/2020	10/23/2020	
Thursday, 10/29/2020	10/18/2020	10/31/2020	11/6/2020	
Thursday, 11/12/2020	11/1/2020	11/14/2020	11/20/2020	
Tuesday, 11/24/2020	11/15/2020	11/28/2020	12/4/2020	
Thursday, 12/10/2020	11/29/2020	12/12/2020	12/18/2020	
Wednesday, 12/16/2020	12/13/2020	12/26/2020	12/30/2020	
Tuesday, 1/7/2020	12/27/2020	1/9/2021	1/15/2021	



Here’s an added incentive: See attachment. Your name in cell D3, Time entry examples: 9 a, 9:15 a, 6:26 p	

Column L - Non Work-study
Column M - Tracks your Work-study Award Balance 



 


Thanks,
Rita
 
Rita Shorts
Business Administrator 
Mary & Leigh Block Museum of Art
Northwestern University
40 Arts Circle Drive, Room 217
Evanston, Illinois 60208
 
847-491-4002 <tel:847-491-4002>  Phone
847-491-2261 <tel:847-491-2261>  Fax
d-shorts@northwestern.edu <mailto:d-shorts@northwestern.edu> 

","Jeff's Office ",,"High","False","Normal","3"
"Canceled: This is an automated reminder that your Kronos Time Entry must be up to date","2/21/2026","8:00:00 AM","2/21/2026","8:30:00 AM","False","True","2/21/2026","7:45:00 AM","Rita Shorts","Jeffery Smith;Aaron L Chatman;Vincent L Taylor;Rocio Olasimbo;Zachary M Austin;Zachary Austin;Delois Ann Brown;deloisbrown888@gmail.com;Melanie Adele Coffey;kaf7528@e.northwestern.edu;Ashlee P Ingram;ashlee.p.ingram@gmail.com;Jonathan Aaron Peppers;jonathan peppers;Ruth Reyes;reyesruth48@gmail.com;Warren G Smith;warreng1906@yahoo.com;Adele Sandra Marchiando;Jack Sutter Benson;Kelsey Olivia Nickens;clarke10n@yahoo.com;justinetiu2021@u.northwestern.edu;Mako Satoh Yamamoto;Sierra Kaila Thoulouis;Mia Venezia;Jacob Alexander May",,,,,"To All Visitor Services Staff – I am available to you Thursdays from 4pm until 5 pm. Please feel free to stop in my office during this time if you need assistance.  I am also available to you remotely on Saturdays by phone at 847-491-4002 from 9:45 am until 10:45 am. I will see your missed call and call you back. 

------------
------------
Dear Colleagues,  Please note: Declining this notification means you have received it and did not enter your hours.  Please contact your Supervisor.

*****Supervisor…You are copied here. Please ensure your employees have entered their hours*****

It is the responsibility of each employee to ensure your direct deposit is up to date. Please check it now. 
 
This is an automated kind and important reminder…..Kronos updates are due for the hours you have worked this current pay period. Please see the calendar of dates below.  
 
Timesheets must have all hours entered by 5:00 pm on the dates in the Hours Due column.  I will follow up with approval of your timesheet. 

Here is a link to the VPN instructions if need http://www.it.northwestern.edu/oncampus/vpn/

KRONOS Time Entry System: https://www-kronos.itcs.northwestern.edu/wfc/applications/wtk/html/ess/logon.jsp

KRONOS Aid & Quicksteps, Multi-job access: https://www.northwestern.edu/hr/documents/work-essentials/kronos_quicksteps_biweeklyentry.pdf

Please let me know if you have any questions, or need assistance. “Remember, you must do the 1st column if you want the last column.”  You earned it!
Added incentive below.
 


   Hours Due
   by 5:00 pm	 FY20 PAY PERIOD
Begins         Ends 	Pay Dates	
Thursday 10/3/19	9/22/2019	10/5/2019	10/11/2019	
Thursday 10/17/19	10/6/2019	10/19/2019	10/25/2019	
Thursday 10/31/19	10/20/2019	11/2/2019	11/8/2019	
Thursday 11/14/19	11/3/2019	11/16/2019	11/22/2019	
Tuesday 11/26/19	11/17/2019	11/30/2019	12/6/2019	
Thursday 12/12/19	12/1/2019	12/14/2019	12/20/2019	
Thursday 12/19/19	12/15/2019	12/28/2019	1/3/2020	
Thursday 1/9/20	12/29/2019	1/11/2020	1/17/2020	
Wednesday, 1/22/2020	1/12/2020	1/25/2020	1/31/2020	
Thursday, 2/6/2020	1/26/2020	2/8/2020	2/14/2020	
Wednesday, 2/19/2020	2/9/2020	2/22/2020	2/28/2020	
Thursday, 3/5/2020	2/23/2020	3/7/2020	3/13/2020	
Thursday, 3/19/2020	3/8/2020	3/21/2020	3/27/2020	
Thursday, 4/2/2020	3/22/2020	4/4/2020	4/10/2020	
Thursday, 4/16/2020	4/5/2020	4/18/2020	4/24/2020	
Thursday, 4/30/2020	4/19/2020	5/2/2020	5/8/2020	
Thursday, 5/14/2020	5/3/2020	5/16/2020	5/22/2020	
Thursday, 5/28/2020	5/17/2020	5/30/2020	6/5/2020	
Thursday, 6/11/2020	5/31/2020	6/13/2020	6/19/2020	
Thursday, 6/25/2020	6/14/2020	6/27/2020	7/2/2020	
Thursday, 7/9/2020	6/28/2020	7/11/2020	7/17/2020	
Wednesday, 7/22/2020	7/12/2020	7/25/2020	7/31/2020	
Thursday, 8/6/2020	7/26/2020	8/8/2020	8/14/2020	
Thursday, 8/20/2020	8/9/2020	8/22/2020	8/28/2020	
Thursday, 9/3/2020	8/23/2020	9/5/2020	9/11/2020	
Thursday, 9/17/2020	9/6/2020	9/19/2020	9/25/2020	
Thursday, 10/1/2020	9/20/2020	10/3/2020	10/9/2020	
Thursday, 10/15/2020	10/4/2020	10/17/2020	10/23/2020	
Thursday, 10/29/2020	10/18/2020	10/31/2020	11/6/2020	
Thursday, 11/12/2020	11/1/2020	11/14/2020	11/20/2020	
Tuesday, 11/24/2020	11/15/2020	11/28/2020	12/4/2020	
Thursday, 12/10/2020	11/29/2020	12/12/2020	12/18/2020	
Wednesday, 12/16/2020	12/13/2020	12/26/2020	12/30/2020	
Tuesday, 1/7/2020	12/27/2020	1/9/2021	1/15/2021	



Here’s an added incentive: See attachment. Your name in cell D3, Time entry examples: 9 a, 9:15 a, 6:26 p	

Column L - Non Work-study
Column M - Tracks your Work-study Award Balance 



 


Thanks,
Rita
 
Rita Shorts
Business Administrator 
Mary & Leigh Block Museum of Art
Northwestern University
40 Arts Circle Drive, Room 217
Evanston, Illinois 60208
 
847-491-4002 <tel:847-491-4002>  Phone
847-491-2261 <tel:847-491-2261>  Fax
d-shorts@northwestern.edu <mailto:d-shorts@northwestern.edu> 

","Jeff's Office ",,"High","False","Normal","3"
"Canceled: This is an automated reminder that your Kronos Time Entry must be up to date","2/22/2026","8:00:00 AM","2/22/2026","8:30:00 AM","False","True","2/22/2026","7:45:00 AM","Rita Shorts","Jeffery Smith;Aaron L Chatman;Vincent L Taylor;Rocio Olasimbo;Zachary M Austin;Zachary Austin;Delois Ann Brown;deloisbrown888@gmail.com;Melanie Adele Coffey;kaf7528@e.northwestern.edu;Ashlee P Ingram;ashlee.p.ingram@gmail.com;Jonathan Aaron Peppers;jonathan peppers;Ruth Reyes;reyesruth48@gmail.com;Warren G Smith;warreng1906@yahoo.com;Adele Sandra Marchiando;Jack Sutter Benson;Kelsey Olivia Nickens;clarke10n@yahoo.com;justinetiu2021@u.northwestern.edu;Mako Satoh Yamamoto;Sierra Kaila Thoulouis;Mia Venezia;Jacob Alexander May",,,,,"To All Visitor Services Staff – I am available to you Thursdays from 4pm until 5 pm. Please feel free to stop in my office during this time if you need assistance.  I am also available to you remotely on Saturdays by phone at 847-491-4002 from 9:45 am until 10:45 am. I will see your missed call and call you back. 

------------
------------
Dear Colleagues,  Please note: Declining this notification means you have received it and did not enter your hours.  Please contact your Supervisor.

*****Supervisor…You are copied here. Please ensure your employees have entered their hours*****

It is the responsibility of each employee to ensure your direct deposit is up to date. Please check it now. 
 
This is an automated kind and important reminder…..Kronos updates are due for the hours you have worked this current pay period. Please see the calendar of dates below.  
 
Timesheets must have all hours entered by 5:00 pm on the dates in the Hours Due column.  I will follow up with approval of your timesheet. 

Here is a link to the VPN instructions if need http://www.it.northwestern.edu/oncampus/vpn/

KRONOS Time Entry System: https://www-kronos.itcs.northwestern.edu/wfc/applications/wtk/html/ess/logon.jsp

KRONOS Aid & Quicksteps, Multi-job access: https://www.northwestern.edu/hr/documents/work-essentials/kronos_quicksteps_biweeklyentry.pdf

Please let me know if you have any questions, or need assistance. “Remember, you must do the 1st column if you want the last column.”  You earned it!
Added incentive below.
 


   Hours Due
   by 5:00 pm	 FY20 PAY PERIOD
Begins         Ends 	Pay Dates	
Thursday 10/3/19	9/22/2019	10/5/2019	10/11/2019	
Thursday 10/17/19	10/6/2019	10/19/2019	10/25/2019	
Thursday 10/31/19	10/20/2019	11/2/2019	11/8/2019	
Thursday 11/14/19	11/3/2019	11/16/2019	11/22/2019	
Tuesday 11/26/19	11/17/2019	11/30/2019	12/6/2019	
Thursday 12/12/19	12/1/2019	12/14/2019	12/20/2019	
Thursday 12/19/19	12/15/2019	12/28/2019	1/3/2020	
Thursday 1/9/20	12/29/2019	1/11/2020	1/17/2020	
Wednesday, 1/22/2020	1/12/2020	1/25/2020	1/31/2020	
Thursday, 2/6/2020	1/26/2020	2/8/2020	2/14/2020	
Wednesday, 2/19/2020	2/9/2020	2/22/2020	2/28/2020	
Thursday, 3/5/2020	2/23/2020	3/7/2020	3/13/2020	
Thursday, 3/19/2020	3/8/2020	3/21/2020	3/27/2020	
Thursday, 4/2/2020	3/22/2020	4/4/2020	4/10/2020	
Thursday, 4/16/2020	4/5/2020	4/18/2020	4/24/2020	
Thursday, 4/30/2020	4/19/2020	5/2/2020	5/8/2020	
Thursday, 5/14/2020	5/3/2020	5/16/2020	5/22/2020	
Thursday, 5/28/2020	5/17/2020	5/30/2020	6/5/2020	
Thursday, 6/11/2020	5/31/2020	6/13/2020	6/19/2020	
Thursday, 6/25/2020	6/14/2020	6/27/2020	7/2/2020	
Thursday, 7/9/2020	6/28/2020	7/11/2020	7/17/2020	
Wednesday, 7/22/2020	7/12/2020	7/25/2020	7/31/2020	
Thursday, 8/6/2020	7/26/2020	8/8/2020	8/14/2020	
Thursday, 8/20/2020	8/9/2020	8/22/2020	8/28/2020	
Thursday, 9/3/2020	8/23/2020	9/5/2020	9/11/2020	
Thursday, 9/17/2020	9/6/2020	9/19/2020	9/25/2020	
Thursday, 10/1/2020	9/20/2020	10/3/2020	10/9/2020	
Thursday, 10/15/2020	10/4/2020	10/17/2020	10/23/2020	
Thursday, 10/29/2020	10/18/2020	10/31/2020	11/6/2020	
Thursday, 11/12/2020	11/1/2020	11/14/2020	11/20/2020	
Tuesday, 11/24/2020	11/15/2020	11/28/2020	12/4/2020	
Thursday, 12/10/2020	11/29/2020	12/12/2020	12/18/2020	
Wednesday, 12/16/2020	12/13/2020	12/26/2020	12/30/2020	
Tuesday, 1/7/2020	12/27/2020	1/9/2021	1/15/2021	



Here’s an added incentive: See attachment. Your name in cell D3, Time entry examples: 9 a, 9:15 a, 6:26 p	

Column L - Non Work-study
Column M - Tracks your Work-study Award Balance 



 


Thanks,
Rita
 
Rita Shorts
Business Administrator 
Mary & Leigh Block Museum of Art
Northwestern University
40 Arts Circle Drive, Room 217
Evanston, Illinois 60208
 
847-491-4002 <tel:847-491-4002>  Phone
847-491-2261 <tel:847-491-2261>  Fax
d-shorts@northwestern.edu <mailto:d-shorts@northwestern.edu> 

","Jeff's Office ",,"High","False","Normal","3"
"Canceled: This is an automated reminder that your Kronos Time Entry must be up to date","2/23/2026","8:00:00 AM","2/23/2026","8:30:00 AM","False","True","2/23/2026","7:45:00 AM","Rita Shorts","Jeffery Smith;Aaron L Chatman;Vincent L Taylor;Rocio Olasimbo;Zachary M Austin;Zachary Austin;Delois Ann Brown;deloisbrown888@gmail.com;Melanie Adele Coffey;kaf7528@e.northwestern.edu;Ashlee P Ingram;ashlee.p.ingram@gmail.com;Jonathan Aaron Peppers;jonathan peppers;Ruth Reyes;reyesruth48@gmail.com;Warren G Smith;warreng1906@yahoo.com;Adele Sandra Marchiando;Jack Sutter Benson;Kelsey Olivia Nickens;clarke10n@yahoo.com;justinetiu2021@u.northwestern.edu;Mako Satoh Yamamoto;Sierra Kaila Thoulouis;Mia Venezia;Jacob Alexander May",,,,,"To All Visitor Services Staff – I am available to you Thursdays from 4pm until 5 pm. Please feel free to stop in my office during this time if you need assistance.  I am also available to you remotely on Saturdays by phone at 847-491-4002 from 9:45 am until 10:45 am. I will see your missed call and call you back. 

------------
------------
Dear Colleagues,  Please note: Declining this notification means you have received it and did not enter your hours.  Please contact your Supervisor.

*****Supervisor…You are copied here. Please ensure your employees have entered their hours*****

It is the responsibility of each employee to ensure your direct deposit is up to date. Please check it now. 
 
This is an automated kind and important reminder…..Kronos updates are due for the hours you have worked this current pay period. Please see the calendar of dates below.  
 
Timesheets must have all hours entered by 5:00 pm on the dates in the Hours Due column.  I will follow up with approval of your timesheet. 

Here is a link to the VPN instructions if need http://www.it.northwestern.edu/oncampus/vpn/

KRONOS Time Entry System: https://www-kronos.itcs.northwestern.edu/wfc/applications/wtk/html/ess/logon.jsp

KRONOS Aid & Quicksteps, Multi-job access: https://www.northwestern.edu/hr/documents/work-essentials/kronos_quicksteps_biweeklyentry.pdf

Please let me know if you have any questions, or need assistance. “Remember, you must do the 1st column if you want the last column.”  You earned it!
Added incentive below.
 


   Hours Due
   by 5:00 pm	 FY20 PAY PERIOD
Begins         Ends 	Pay Dates	
Thursday 10/3/19	9/22/2019	10/5/2019	10/11/2019	
Thursday 10/17/19	10/6/2019	10/19/2019	10/25/2019	
Thursday 10/31/19	10/20/2019	11/2/2019	11/8/2019	
Thursday 11/14/19	11/3/2019	11/16/2019	11/22/2019	
Tuesday 11/26/19	11/17/2019	11/30/2019	12/6/2019	
Thursday 12/12/19	12/1/2019	12/14/2019	12/20/2019	
Thursday 12/19/19	12/15/2019	12/28/2019	1/3/2020	
Thursday 1/9/20	12/29/2019	1/11/2020	1/17/2020	
Wednesday, 1/22/2020	1/12/2020	1/25/2020	1/31/2020	
Thursday, 2/6/2020	1/26/2020	2/8/2020	2/14/2020	
Wednesday, 2/19/2020	2/9/2020	2/22/2020	2/28/2020	
Thursday, 3/5/2020	2/23/2020	3/7/2020	3/13/2020	
Thursday, 3/19/2020	3/8/2020	3/21/2020	3/27/2020	
Thursday, 4/2/2020	3/22/2020	4/4/2020	4/10/2020	
Thursday, 4/16/2020	4/5/2020	4/18/2020	4/24/2020	
Thursday, 4/30/2020	4/19/2020	5/2/2020	5/8/2020	
Thursday, 5/14/2020	5/3/2020	5/16/2020	5/22/2020	
Thursday, 5/28/2020	5/17/2020	5/30/2020	6/5/2020	
Thursday, 6/11/2020	5/31/2020	6/13/2020	6/19/2020	
Thursday, 6/25/2020	6/14/2020	6/27/2020	7/2/2020	
Thursday, 7/9/2020	6/28/2020	7/11/2020	7/17/2020	
Wednesday, 7/22/2020	7/12/2020	7/25/2020	7/31/2020	
Thursday, 8/6/2020	7/26/2020	8/8/2020	8/14/2020	
Thursday, 8/20/2020	8/9/2020	8/22/2020	8/28/2020	
Thursday, 9/3/2020	8/23/2020	9/5/2020	9/11/2020	
Thursday, 9/17/2020	9/6/2020	9/19/2020	9/25/2020	
Thursday, 10/1/2020	9/20/2020	10/3/2020	10/9/2020	
Thursday, 10/15/2020	10/4/2020	10/17/2020	10/23/2020	
Thursday, 10/29/2020	10/18/2020	10/31/2020	11/6/2020	
Thursday, 11/12/2020	11/1/2020	11/14/2020	11/20/2020	
Tuesday, 11/24/2020	11/15/2020	11/28/2020	12/4/2020	
Thursday, 12/10/2020	11/29/2020	12/12/2020	12/18/2020	
Wednesday, 12/16/2020	12/13/2020	12/26/2020	12/30/2020	
Tuesday, 1/7/2020	12/27/2020	1/9/2021	1/15/2021	



Here’s an added incentive: See attachment. Your name in cell D3, Time entry examples: 9 a, 9:15 a, 6:26 p	

Column L - Non Work-study
Column M - Tracks your Work-study Award Balance 



 


Thanks,
Rita
 
Rita Shorts
Business Administrator 
Mary & Leigh Block Museum of Art
Northwestern University
40 Arts Circle Drive, Room 217
Evanston, Illinois 60208
 
847-491-4002 <tel:847-491-4002>  Phone
847-491-2261 <tel:847-491-2261>  Fax
d-shorts@northwestern.edu <mailto:d-shorts@northwestern.edu> 

","Jeff's Office ",,"High","False","Normal","3"
"Canceled: This is an automated reminder that your Kronos Time Entry must be up to date","2/25/2026","8:00:00 AM","2/25/2026","8:30:00 AM","False","True","2/25/2026","7:45:00 AM","Rita Shorts","Jeffery Smith;Aaron L Chatman;Vincent L Taylor;Rocio Olasimbo;Zachary M Austin;Zachary Austin;Delois Ann Brown;deloisbrown888@gmail.com;Melanie Adele Coffey;kaf7528@e.northwestern.edu;Ashlee P Ingram;ashlee.p.ingram@gmail.com;Jonathan Aaron Peppers;jonathan peppers;Ruth Reyes;reyesruth48@gmail.com;Warren G Smith;warreng1906@yahoo.com;Adele Sandra Marchiando;Jack Sutter Benson;Kelsey Olivia Nickens;clarke10n@yahoo.com;justinetiu2021@u.northwestern.edu;Mako Satoh Yamamoto;Sierra Kaila Thoulouis;Mia Venezia;Jacob Alexander May",,,,,"To All Visitor Services Staff – I am available to you Thursdays from 4pm until 5 pm. Please feel free to stop in my office during this time if you need assistance.  I am also available to you remotely on Saturdays by phone at 847-491-4002 from 9:45 am until 10:45 am. I will see your missed call and call you back. 

------------
------------
Dear Colleagues,  Please note: Declining this notification means you have received it and did not enter your hours.  Please contact your Supervisor.

*****Supervisor…You are copied here. Please ensure your employees have entered their hours*****

It is the responsibility of each employee to ensure your direct deposit is up to date. Please check it now. 
 
This is an automated kind and important reminder…..Kronos updates are due for the hours you have worked this current pay period. Please see the calendar of dates below.  
 
Timesheets must have all hours entered by 5:00 pm on the dates in the Hours Due column.  I will follow up with approval of your timesheet. 

Here is a link to the VPN instructions if need http://www.it.northwestern.edu/oncampus/vpn/

KRONOS Time Entry System: https://www-kronos.itcs.northwestern.edu/wfc/applications/wtk/html/ess/logon.jsp

KRONOS Aid & Quicksteps, Multi-job access: https://www.northwestern.edu/hr/documents/work-essentials/kronos_quicksteps_biweeklyentry.pdf

Please let me know if you have any questions, or need assistance. “Remember, you must do the 1st column if you want the last column.”  You earned it!
Added incentive below.
 


   Hours Due
   by 5:00 pm	 FY20 PAY PERIOD
Begins         Ends 	Pay Dates	
Thursday 10/3/19	9/22/2019	10/5/2019	10/11/2019	
Thursday 10/17/19	10/6/2019	10/19/2019	10/25/2019	
Thursday 10/31/19	10/20/2019	11/2/2019	11/8/2019	
Thursday 11/14/19	11/3/2019	11/16/2019	11/22/2019	
Tuesday 11/26/19	11/17/2019	11/30/2019	12/6/2019	
Thursday 12/12/19	12/1/2019	12/14/2019	12/20/2019	
Thursday 12/19/19	12/15/2019	12/28/2019	1/3/2020	
Thursday 1/9/20	12/29/2019	1/11/2020	1/17/2020	
Wednesday, 1/22/2020	1/12/2020	1/25/2020	1/31/2020	
Thursday, 2/6/2020	1/26/2020	2/8/2020	2/14/2020	
Wednesday, 2/19/2020	2/9/2020	2/22/2020	2/28/2020	
Thursday, 3/5/2020	2/23/2020	3/7/2020	3/13/2020	
Thursday, 3/19/2020	3/8/2020	3/21/2020	3/27/2020	
Thursday, 4/2/2020	3/22/2020	4/4/2020	4/10/2020	
Thursday, 4/16/2020	4/5/2020	4/18/2020	4/24/2020	
Thursday, 4/30/2020	4/19/2020	5/2/2020	5/8/2020	
Thursday, 5/14/2020	5/3/2020	5/16/2020	5/22/2020	
Thursday, 5/28/2020	5/17/2020	5/30/2020	6/5/2020	
Thursday, 6/11/2020	5/31/2020	6/13/2020	6/19/2020	
Thursday, 6/25/2020	6/14/2020	6/27/2020	7/2/2020	
Thursday, 7/9/2020	6/28/2020	7/11/2020	7/17/2020	
Wednesday, 7/22/2020	7/12/2020	7/25/2020	7/31/2020	
Thursday, 8/6/2020	7/26/2020	8/8/2020	8/14/2020	
Thursday, 8/20/2020	8/9/2020	8/22/2020	8/28/2020	
Thursday, 9/3/2020	8/23/2020	9/5/2020	9/11/2020	
Thursday, 9/17/2020	9/6/2020	9/19/2020	9/25/2020	
Thursday, 10/1/2020	9/20/2020	10/3/2020	10/9/2020	
Thursday, 10/15/2020	10/4/2020	10/17/2020	10/23/2020	
Thursday, 10/29/2020	10/18/2020	10/31/2020	11/6/2020	
Thursday, 11/12/2020	11/1/2020	11/14/2020	11/20/2020	
Tuesday, 11/24/2020	11/15/2020	11/28/2020	12/4/2020	
Thursday, 12/10/2020	11/29/2020	12/12/2020	12/18/2020	
Wednesday, 12/16/2020	12/13/2020	12/26/2020	12/30/2020	
Tuesday, 1/7/2020	12/27/2020	1/9/2021	1/15/2021	



Here’s an added incentive: See attachment. Your name in cell D3, Time entry examples: 9 a, 9:15 a, 6:26 p	

Column L - Non Work-study
Column M - Tracks your Work-study Award Balance 



 


Thanks,
Rita
 
Rita Shorts
Business Administrator 
Mary & Leigh Block Museum of Art
Northwestern University
40 Arts Circle Drive, Room 217
Evanston, Illinois 60208
 
847-491-4002 <tel:847-491-4002>  Phone
847-491-2261 <tel:847-491-2261>  Fax
d-shorts@northwestern.edu <mailto:d-shorts@northwestern.edu> 

","Jeff's Office ",,"High","False","Normal","3"
"Canceled: This is an automated reminder that your Kronos Time Entry must be up to date","2/27/2026","8:00:00 AM","2/27/2026","8:30:00 AM","False","True","2/27/2026","7:45:00 AM","Rita Shorts","Jeffery Smith;Aaron L Chatman;Vincent L Taylor;Rocio Olasimbo;Zachary M Austin;Zachary Austin;Delois Ann Brown;deloisbrown888@gmail.com;Melanie Adele Coffey;kaf7528@e.northwestern.edu;Ashlee P Ingram;ashlee.p.ingram@gmail.com;Jonathan Aaron Peppers;jonathan peppers;Ruth Reyes;reyesruth48@gmail.com;Warren G Smith;warreng1906@yahoo.com;Adele Sandra Marchiando;Jack Sutter Benson;Kelsey Olivia Nickens;clarke10n@yahoo.com;justinetiu2021@u.northwestern.edu;Mako Satoh Yamamoto;Sierra Kaila Thoulouis;Mia Venezia;Jacob Alexander May",,,,,"To All Visitor Services Staff – I am available to you Thursdays from 4pm until 5 pm. Please feel free to stop in my office during this time if you need assistance.  I am also available to you remotely on Saturdays by phone at 847-491-4002 from 9:45 am until 10:45 am. I will see your missed call and call you back. 

------------
------------
Dear Colleagues,  Please note: Declining this notification means you have received it and did not enter your hours.  Please contact your Supervisor.

*****Supervisor…You are copied here. Please ensure your employees have entered their hours*****

It is the responsibility of each employee to ensure your direct deposit is up to date. Please check it now. 
 
This is an automated kind and important reminder…..Kronos updates are due for the hours you have worked this current pay period. Please see the calendar of dates below.  
 
Timesheets must have all hours entered by 5:00 pm on the dates in the Hours Due column.  I will follow up with approval of your timesheet. 

Here is a link to the VPN instructions if need http://www.it.northwestern.edu/oncampus/vpn/

KRONOS Time Entry System: https://www-kronos.itcs.northwestern.edu/wfc/applications/wtk/html/ess/logon.jsp

KRONOS Aid & Quicksteps, Multi-job access: https://www.northwestern.edu/hr/documents/work-essentials/kronos_quicksteps_biweeklyentry.pdf

Please let me know if you have any questions, or need assistance. “Remember, you must do the 1st column if you want the last column.”  You earned it!
Added incentive below.
 


   Hours Due
   by 5:00 pm	 FY20 PAY PERIOD
Begins         Ends 	Pay Dates	
Thursday 10/3/19	9/22/2019	10/5/2019	10/11/2019	
Thursday 10/17/19	10/6/2019	10/19/2019	10/25/2019	
Thursday 10/31/19	10/20/2019	11/2/2019	11/8/2019	
Thursday 11/14/19	11/3/2019	11/16/2019	11/22/2019	
Tuesday 11/26/19	11/17/2019	11/30/2019	12/6/2019	
Thursday 12/12/19	12/1/2019	12/14/2019	12/20/2019	
Thursday 12/19/19	12/15/2019	12/28/2019	1/3/2020	
Thursday 1/9/20	12/29/2019	1/11/2020	1/17/2020	
Wednesday, 1/22/2020	1/12/2020	1/25/2020	1/31/2020	
Thursday, 2/6/2020	1/26/2020	2/8/2020	2/14/2020	
Wednesday, 2/19/2020	2/9/2020	2/22/2020	2/28/2020	
Thursday, 3/5/2020	2/23/2020	3/7/2020	3/13/2020	
Thursday, 3/19/2020	3/8/2020	3/21/2020	3/27/2020	
Thursday, 4/2/2020	3/22/2020	4/4/2020	4/10/2020	
Thursday, 4/16/2020	4/5/2020	4/18/2020	4/24/2020	
Thursday, 4/30/2020	4/19/2020	5/2/2020	5/8/2020	
Thursday, 5/14/2020	5/3/2020	5/16/2020	5/22/2020	
Thursday, 5/28/2020	5/17/2020	5/30/2020	6/5/2020	
Thursday, 6/11/2020	5/31/2020	6/13/2020	6/19/2020	
Thursday, 6/25/2020	6/14/2020	6/27/2020	7/2/2020	
Thursday, 7/9/2020	6/28/2020	7/11/2020	7/17/2020	
Wednesday, 7/22/2020	7/12/2020	7/25/2020	7/31/2020	
Thursday, 8/6/2020	7/26/2020	8/8/2020	8/14/2020	
Thursday, 8/20/2020	8/9/2020	8/22/2020	8/28/2020	
Thursday, 9/3/2020	8/23/2020	9/5/2020	9/11/2020	
Thursday, 9/17/2020	9/6/2020	9/19/2020	9/25/2020	
Thursday, 10/1/2020	9/20/2020	10/3/2020	10/9/2020	
Thursday, 10/15/2020	10/4/2020	10/17/2020	10/23/2020	
Thursday, 10/29/2020	10/18/2020	10/31/2020	11/6/2020	
Thursday, 11/12/2020	11/1/2020	11/14/2020	11/20/2020	
Tuesday, 11/24/2020	11/15/2020	11/28/2020	12/4/2020	
Thursday, 12/10/2020	11/29/2020	12/12/2020	12/18/2020	
Wednesday, 12/16/2020	12/13/2020	12/26/2020	12/30/2020	
Tuesday, 1/7/2020	12/27/2020	1/9/2021	1/15/2021	



Here’s an added incentive: See attachment. Your name in cell D3, Time entry examples: 9 a, 9:15 a, 6:26 p	

Column L - Non Work-study
Column M - Tracks your Work-study Award Balance 



 


Thanks,
Rita
 
Rita Shorts
Business Administrator 
Mary & Leigh Block Museum of Art
Northwestern University
40 Arts Circle Drive, Room 217
Evanston, Illinois 60208
 
847-491-4002 <tel:847-491-4002>  Phone
847-491-2261 <tel:847-491-2261>  Fax
d-shorts@northwestern.edu <mailto:d-shorts@northwestern.edu> 

","Jeff's Office ",,"High","False","Normal","3"
"Canceled: This is an automated reminder that your Kronos Time Entry must be up to date","2/28/2026","8:00:00 AM","2/28/2026","8:30:00 AM","False","True","2/28/2026","7:45:00 AM","Rita Shorts","Jeffery Smith;Aaron L Chatman;Vincent L Taylor;Rocio Olasimbo;Zachary M Austin;Zachary Austin;Delois Ann Brown;deloisbrown888@gmail.com;Melanie Adele Coffey;kaf7528@e.northwestern.edu;Ashlee P Ingram;ashlee.p.ingram@gmail.com;Jonathan Aaron Peppers;jonathan peppers;Ruth Reyes;reyesruth48@gmail.com;Warren G Smith;warreng1906@yahoo.com;Adele Sandra Marchiando;Jack Sutter Benson;Kelsey Olivia Nickens;clarke10n@yahoo.com;justinetiu2021@u.northwestern.edu;Mako Satoh Yamamoto;Sierra Kaila Thoulouis;Mia Venezia;Jacob Alexander May",,,,,"To All Visitor Services Staff – I am available to you Thursdays from 4pm until 5 pm. Please feel free to stop in my office during this time if you need assistance.  I am also available to you remotely on Saturdays by phone at 847-491-4002 from 9:45 am until 10:45 am. I will see your missed call and call you back. 

------------
------------
Dear Colleagues,  Please note: Declining this notification means you have received it and did not enter your hours.  Please contact your Supervisor.

*****Supervisor…You are copied here. Please ensure your employees have entered their hours*****

It is the responsibility of each employee to ensure your direct deposit is up to date. Please check it now. 
 
This is an automated kind and important reminder…..Kronos updates are due for the hours you have worked this current pay period. Please see the calendar of dates below.  
 
Timesheets must have all hours entered by 5:00 pm on the dates in the Hours Due column.  I will follow up with approval of your timesheet. 

Here is a link to the VPN instructions if need http://www.it.northwestern.edu/oncampus/vpn/

KRONOS Time Entry System: https://www-kronos.itcs.northwestern.edu/wfc/applications/wtk/html/ess/logon.jsp

KRONOS Aid & Quicksteps, Multi-job access: https://www.northwestern.edu/hr/documents/work-essentials/kronos_quicksteps_biweeklyentry.pdf

Please let me know if you have any questions, or need assistance. “Remember, you must do the 1st column if you want the last column.”  You earned it!
Added incentive below.
 


   Hours Due
   by 5:00 pm	 FY20 PAY PERIOD
Begins         Ends 	Pay Dates	
Thursday 10/3/19	9/22/2019	10/5/2019	10/11/2019	
Thursday 10/17/19	10/6/2019	10/19/2019	10/25/2019	
Thursday 10/31/19	10/20/2019	11/2/2019	11/8/2019	
Thursday 11/14/19	11/3/2019	11/16/2019	11/22/2019	
Tuesday 11/26/19	11/17/2019	11/30/2019	12/6/2019	
Thursday 12/12/19	12/1/2019	12/14/2019	12/20/2019	
Thursday 12/19/19	12/15/2019	12/28/2019	1/3/2020	
Thursday 1/9/20	12/29/2019	1/11/2020	1/17/2020	
Wednesday, 1/22/2020	1/12/2020	1/25/2020	1/31/2020	
Thursday, 2/6/2020	1/26/2020	2/8/2020	2/14/2020	
Wednesday, 2/19/2020	2/9/2020	2/22/2020	2/28/2020	
Thursday, 3/5/2020	2/23/2020	3/7/2020	3/13/2020	
Thursday, 3/19/2020	3/8/2020	3/21/2020	3/27/2020	
Thursday, 4/2/2020	3/22/2020	4/4/2020	4/10/2020	
Thursday, 4/16/2020	4/5/2020	4/18/2020	4/24/2020	
Thursday, 4/30/2020	4/19/2020	5/2/2020	5/8/2020	
Thursday, 5/14/2020	5/3/2020	5/16/2020	5/22/2020	
Thursday, 5/28/2020	5/17/2020	5/30/2020	6/5/2020	
Thursday, 6/11/2020	5/31/2020	6/13/2020	6/19/2020	
Thursday, 6/25/2020	6/14/2020	6/27/2020	7/2/2020	
Thursday, 7/9/2020	6/28/2020	7/11/2020	7/17/2020	
Wednesday, 7/22/2020	7/12/2020	7/25/2020	7/31/2020	
Thursday, 8/6/2020	7/26/2020	8/8/2020	8/14/2020	
Thursday, 8/20/2020	8/9/2020	8/22/2020	8/28/2020	
Thursday, 9/3/2020	8/23/2020	9/5/2020	9/11/2020	
Thursday, 9/17/2020	9/6/2020	9/19/2020	9/25/2020	
Thursday, 10/1/2020	9/20/2020	10/3/2020	10/9/2020	
Thursday, 10/15/2020	10/4/2020	10/17/2020	10/23/2020	
Thursday, 10/29/2020	10/18/2020	10/31/2020	11/6/2020	
Thursday, 11/12/2020	11/1/2020	11/14/2020	11/20/2020	
Tuesday, 11/24/2020	11/15/2020	11/28/2020	12/4/2020	
Thursday, 12/10/2020	11/29/2020	12/12/2020	12/18/2020	
Wednesday, 12/16/2020	12/13/2020	12/26/2020	12/30/2020	
Tuesday, 1/7/2020	12/27/2020	1/9/2021	1/15/2021	



Here’s an added incentive: See attachment. Your name in cell D3, Time entry examples: 9 a, 9:15 a, 6:26 p	

Column L - Non Work-study
Column M - Tracks your Work-study Award Balance 



 


Thanks,
Rita
 
Rita Shorts
Business Administrator 
Mary & Leigh Block Museum of Art
Northwestern University
40 Arts Circle Drive, Room 217
Evanston, Illinois 60208
 
847-491-4002 <tel:847-491-4002>  Phone
847-491-2261 <tel:847-491-2261>  Fax
d-shorts@northwestern.edu <mailto:d-shorts@northwestern.edu> 

","Jeff's Office ",,"High","False","Normal","3"
"Canceled: This is an automated reminder that your Kronos Time Entry must be up to date","3/1/2026","8:00:00 AM","3/1/2026","8:30:00 AM","False","True","3/1/2026","7:45:00 AM","Rita Shorts","Jeffery Smith;Aaron L Chatman;Vincent L Taylor;Rocio Olasimbo;Zachary M Austin;Zachary Austin;Delois Ann Brown;deloisbrown888@gmail.com;Melanie Adele Coffey;kaf7528@e.northwestern.edu;Ashlee P Ingram;ashlee.p.ingram@gmail.com;Jonathan Aaron Peppers;jonathan peppers;Ruth Reyes;reyesruth48@gmail.com;Warren G Smith;warreng1906@yahoo.com;Adele Sandra Marchiando;Jack Sutter Benson;Kelsey Olivia Nickens;clarke10n@yahoo.com;justinetiu2021@u.northwestern.edu;Mako Satoh Yamamoto;Sierra Kaila Thoulouis;Mia Venezia;Jacob Alexander May",,,,,"To All Visitor Services Staff – I am available to you Thursdays from 4pm until 5 pm. Please feel free to stop in my office during this time if you need assistance.  I am also available to you remotely on Saturdays by phone at 847-491-4002 from 9:45 am until 10:45 am. I will see your missed call and call you back. 

------------
------------
Dear Colleagues,  Please note: Declining this notification means you have received it and did not enter your hours.  Please contact your Supervisor.

*****Supervisor…You are copied here. Please ensure your employees have entered their hours*****

It is the responsibility of each employee to ensure your direct deposit is up to date. Please check it now. 
 
This is an automated kind and important reminder…..Kronos updates are due for the hours you have worked this current pay period. Please see the calendar of dates below.  
 
Timesheets must have all hours entered by 5:00 pm on the dates in the Hours Due column.  I will follow up with approval of your timesheet. 

Here is a link to the VPN instructions if need http://www.it.northwestern.edu/oncampus/vpn/

KRONOS Time Entry System: https://www-kronos.itcs.northwestern.edu/wfc/applications/wtk/html/ess/logon.jsp

KRONOS Aid & Quicksteps, Multi-job access: https://www.northwestern.edu/hr/documents/work-essentials/kronos_quicksteps_biweeklyentry.pdf

Please let me know if you have any questions, or need assistance. “Remember, you must do the 1st column if you want the last column.”  You earned it!
Added incentive below.
 


   Hours Due
   by 5:00 pm	 FY20 PAY PERIOD
Begins         Ends 	Pay Dates	
Thursday 10/3/19	9/22/2019	10/5/2019	10/11/2019	
Thursday 10/17/19	10/6/2019	10/19/2019	10/25/2019	
Thursday 10/31/19	10/20/2019	11/2/2019	11/8/2019	
Thursday 11/14/19	11/3/2019	11/16/2019	11/22/2019	
Tuesday 11/26/19	11/17/2019	11/30/2019	12/6/2019	
Thursday 12/12/19	12/1/2019	12/14/2019	12/20/2019	
Thursday 12/19/19	12/15/2019	12/28/2019	1/3/2020	
Thursday 1/9/20	12/29/2019	1/11/2020	1/17/2020	
Wednesday, 1/22/2020	1/12/2020	1/25/2020	1/31/2020	
Thursday, 2/6/2020	1/26/2020	2/8/2020	2/14/2020	
Wednesday, 2/19/2020	2/9/2020	2/22/2020	2/28/2020	
Thursday, 3/5/2020	2/23/2020	3/7/2020	3/13/2020	
Thursday, 3/19/2020	3/8/2020	3/21/2020	3/27/2020	
Thursday, 4/2/2020	3/22/2020	4/4/2020	4/10/2020	
Thursday, 4/16/2020	4/5/2020	4/18/2020	4/24/2020	
Thursday, 4/30/2020	4/19/2020	5/2/2020	5/8/2020	
Thursday, 5/14/2020	5/3/2020	5/16/2020	5/22/2020	
Thursday, 5/28/2020	5/17/2020	5/30/2020	6/5/2020	
Thursday, 6/11/2020	5/31/2020	6/13/2020	6/19/2020	
Thursday, 6/25/2020	6/14/2020	6/27/2020	7/2/2020	
Thursday, 7/9/2020	6/28/2020	7/11/2020	7/17/2020	
Wednesday, 7/22/2020	7/12/2020	7/25/2020	7/31/2020	
Thursday, 8/6/2020	7/26/2020	8/8/2020	8/14/2020	
Thursday, 8/20/2020	8/9/2020	8/22/2020	8/28/2020	
Thursday, 9/3/2020	8/23/2020	9/5/2020	9/11/2020	
Thursday, 9/17/2020	9/6/2020	9/19/2020	9/25/2020	
Thursday, 10/1/2020	9/20/2020	10/3/2020	10/9/2020	
Thursday, 10/15/2020	10/4/2020	10/17/2020	10/23/2020	
Thursday, 10/29/2020	10/18/2020	10/31/2020	11/6/2020	
Thursday, 11/12/2020	11/1/2020	11/14/2020	11/20/2020	
Tuesday, 11/24/2020	11/15/2020	11/28/2020	12/4/2020	
Thursday, 12/10/2020	11/29/2020	12/12/2020	12/18/2020	
Wednesday, 12/16/2020	12/13/2020	12/26/2020	12/30/2020	
Tuesday, 1/7/2020	12/27/2020	1/9/2021	1/15/2021	



Here’s an added incentive: See attachment. Your name in cell D3, Time entry examples: 9 a, 9:15 a, 6:26 p	

Column L - Non Work-study
Column M - Tracks your Work-study Award Balance 



 


Thanks,
Rita
 
Rita Shorts
Business Administrator 
Mary & Leigh Block Museum of Art
Northwestern University
40 Arts Circle Drive, Room 217
Evanston, Illinois 60208
 
847-491-4002 <tel:847-491-4002>  Phone
847-491-2261 <tel:847-491-2261>  Fax
d-shorts@northwestern.edu <mailto:d-shorts@northwestern.edu> 

","Jeff's Office ",,"High","False","Normal","3"
